,Line num,Command
0,1,\documentclass
1,2,\usepackage
2,2,\gtrsim
3,4,\usepackage
4,5,\usepackage
5,6,\usepackage
6,7,\usepackage
7,8,\setlength
8,8,\emergencystretch
9,10,\usepackage
10,11,\hypersetup
11,13,\usepackage
12,13,\coloneqq
13,14,\usepackage
14,16,\usepackage
15,17,\usetikzlibrary
16,18,\tikzset
17,21,\node
18,21,\backslash
19,28,\usepackage
20,29,\newunicodechar
21,30,\newunicodechar
22,34,\newtheorem
23,35,\newtheorem
24,36,\newtheorem
25,37,\newtheorem
26,39,\theoremstyle
27,40,\newtheorem
28,41,\newtheorem
29,43,\theoremstyle
30,44,\newtheorem
31,45,\newtheorem
32,47,\numberwithin
33,54,\newcommand
34,54,\RR
35,54,\mathbb
36,55,\newcommand
37,55,\NN
38,55,\mathbb
39,56,\newcommand
40,56,\calX
41,56,\mathcal
42,57,\newcommand
43,57,\calA
44,57,\mathcal
45,58,\newcommand
46,58,\calB
47,58,\mathcal
48,59,\newcommand
49,59,\cs
50,60,\newcommand
51,60,\ds
52,60,\ref
53,61,\newcommand
54,61,\es
55,62,\newcommand
56,62,\fs
57,62,\ref
58,63,\def
59,63,\ii
60,63,\bf
61,65,\newcommand
62,65,\opt
63,65,\text
64,66,\newcommand
65,66,\HS
66,66,\text
67,69,\DeclareMathOperator
68,69,\EE
69,69,\mathbb
70,70,\newcommand
71,70,\PP
72,70,\mathbb
73,71,\DeclareMathOperator
74,71,\Dom
75,74,\newcommand
76,74,\calE
77,74,\mathcal
78,76,\DeclareMathOperator
79,76,\Ent
80,77,\DeclareMathOperator
81,77,\Var
82,78,\DeclareMathOperator
83,78,\Cov
84,79,\DeclareMathOperator
85,79,\Med
86,81,\DeclareMathOperator
87,81,\Poiss
88,82,\DeclareMathOperator
89,82,\supp
90,84,\newcommand
91,84,\ind
92,84,\mathbf
93,85,\newcommand
94,85,\indbr
95,85,\ind
96,86,\newcommand
97,86,\sgn
98,86,\operatorname
99,87,\newcommand
100,87,\abs
101,87,\left
102,87,\vert
103,87,\right
104,87,\vert
105,88,\newcommand
106,88,\norm
107,88,\left
108,88,\Vert
109,88,\right
110,88,\Vert
111,94,\makeatletter
112,95,\newcommand
113,95,\addresseshere
114,96,\enddoc
115,96,\let
116,96,\enddoc
117,96,\relax
118,98,\makeatother
119,101,\title
120,103,\author
121,103,\l
122,104,\address
123,105,\email
124,107,\author
125,107,\l
126,108,\address
127,109,\email
128,111,\author
129,111,\l
130,112,\address
131,113,\email
132,115,\thanks
133,118,\date
134,121,\makeatletter
135,122,\textup
136,123,\makeatother
137,124,\subjclass
138,131,\keywords
139,136,document
140,140,abstract
141,141,\to
142,148,\maketitle
143,150,\tableofcontents
144,155,\section
145,157,\subsection
146,159,\cite
147,159,\cite
148,160,\cite
149,161,\l
150,161,\cite
151,162,\cite
152,164,\RR
153,170,\ref
154,172,\ref
155,173,\mathcal
156,173,\mathcal
157,173,\Dom
158,173,\calE
159,173,\subseteq
160,173,\mathcal
161,173,\calE
162,175,\calE
163,176,equation
164,177,\label
165,178,\Var_
166,178,\le
167,178,\calE
168,180,\in
169,180,\Dom
170,180,\calE
171,180,\Var_
172,180,\calX
173,180,\calB
174,180,\int_
175,180,\calX
176,182,\colon
177,182,\calX
178,182,\to
179,182,\RR
180,183,displaymath
181,184,\Ent_
182,184,\log
183,184,\log
184,186,\rho_0
185,187,equation
186,188,\label
187,189,\rho_0
188,189,\Ent_
189,189,\leq
190,189,\calE
191,189,\log
192,191,\in
193,191,\Dom
194,191,\calE
195,191,\log
196,191,\in
197,191,\Dom
198,191,\calE
199,195,\cite
200,195,\in
201,197,\in
202,197,\alpha_p
203,198,equation
204,199,\label
205,200,\alpha_p
206,200,\leq
207,200,\frac
208,200,\calE
209,202,\in
210,202,\Dom
211,202,\calE
212,202,\in
213,202,\Dom
214,202,\calE
215,204,\eqref
216,204,\eqref
217,204,\alpha_p
218,204,\to
219,206,\eqref
220,206,\alpha_p
221,206,\eqref
222,207,\eqref
223,207,\liminf
224,207,\to
225,207,\cite
226,208,\cite
227,208,\cite
228,209,\cite
229,209,\ref
230,211,\ref
231,212,theorem
232,213,\eqref
233,213,\rho_0
234,213,\eqref
235,213,\in
236,213,\alpha_p
237,214,\rho
238,214,\opt_0
239,214,\lim_
240,214,\to
241,214,\alpha_p
242,214,\opt
243,219,\cite
244,219,\cite
245,219,\cite
246,219,\ref
247,220,\cite
248,220,\cite
249,222,\eqref
250,223,\cite
251,224,\eqref
252,226,\ref
253,226,\ref
254,226,\ref
255,228,\ref
256,231,\subsubsection
257,232,\l
258,234,\subsection
259,235,\label
260,237,\calX
261,237,\calB
262,237,\mathcal
263,237,\colon
264,237,\Dom
265,237,\calE
266,237,\times
267,237,\Dom
268,237,\calE
269,237,\to
270,237,\RR
271,237,\Dom
272,237,\calE
273,237,\mathcal
274,237,\calX
275,239,\mathcal
276,240,assumption
277,241,\label
278,242,\leavevmode
279,243,\varphi
280,243,\colon
281,243,\RR
282,243,\to
283,243,\RR
284,243,\in
285,243,\Dom
286,243,\calE
287,243,\varphi
288,243,\circ
289,243,\in
290,243,\Dom
291,243,\calE
292,243,\in
293,243,\Dom
294,243,\calE
295,244,align
296,245,\le
297,247,\in
298,247,\calX
299,248,align
300,249,\calE
301,249,\le
302,249,\calE
303,253,remark
304,254,\in
305,254,\Dom
306,254,\calE
307,254,\varphi
308,254,\colon
309,254,\RR
310,254,\to
311,254,\RR
312,255,align
313,256,\calE
314,256,\varphi
315,256,\varphi
316,256,\le
317,256,\calE
318,259,displaymath
319,260,\calE
320,262,\in
321,262,\RR
322,262,\varphi
323,262,\colon
324,262,\RR
325,262,\to
326,262,\RR
327,262,\varphi
328,262,\circ
329,262,\in
330,262,\Dom
331,262,\calE
332,263,displaymath
333,264,\calE
334,264,\varphi
335,264,\circ
336,264,\ge
337,269,\ref
338,269,\mathcal
339,269,\ref
340,269,\ref
341,271,\mathcal
342,271,\mathcal
343,271,\subseteq
344,271,\calX
345,271,\colon
346,271,\calA
347,271,\times
348,271,\calA
349,271,\to
350,271,\mathcal
351,271,\ge
352,271,\in
353,271,\calA
354,271,\cap
355,271,\Dom
356,271,\calE
357,272,align
358,273,\calE
359,273,\int_
360,273,\mathcal
361,278,\emph
362,279,align
363,280,\frac
364,280,\Big
365,280,\Big
366,282,\calX
367,282,\Dom
368,282,\calA_0
369,282,\subseteq
370,282,\Dom
371,282,\calA
372,282,\cite
373,282,\mathcal
374,285,\subsection
375,288,\cite
376,290,\ge
377,290,\mathcal
378,290,\RR
379,291,displaymath
380,292,\sum_
381,292,\frac
382,292,\partial
383,292,\partial
384,292,\partial
385,292,\sum_
386,292,\frac
387,292,\partial
388,292,\partial
389,294,\RR
390,294,\times
391,294,\colon
392,294,\RR
393,294,\to
394,294,\RR
395,295,\calA
396,295,\infty
397,295,\RR
398,296,displaymath
399,297,\sum_
400,297,\frac
401,297,\partial
402,297,\partial
403,297,\frac
404,297,\partial
405,297,\partial
406,299,\ge
407,300,displaymath
408,301,\calE
409,301,\int_
410,301,\mathcal
411,301,\sum_
412,301,\frac
413,301,\partial
414,301,\partial
415,301,\frac
416,301,\partial
417,301,\partial
418,303,\in
419,303,\calA_0
420,303,\calA_0
421,303,\sqrt
422,303,\calE
423,304,\nabla
424,304,\colon
425,304,\RR
426,304,\to
427,304,\RR
428,304,\frac
429,305,\ref
430,307,\medskip
431,310,align
432,311,\frac
433,311,\int_
434,311,\mathcal
435,313,\mapsto
436,313,\mathcal
437,313,\calX
438,313,\in
439,313,\calB
440,313,\mapsto
441,314,equation
442,317,\calA
443,317,\times
444,317,\calA
445,318,displaymath
446,319,\calA
447,319,\in
448,319,\calX
449,319,\colon
450,319,\int_
451,319,\mathcal
452,319,\infty
453,319,\textrm
454,322,align
455,323,\calE
456,323,\frac
457,323,\int_
458,323,\calX
459,323,\int_
460,323,\mathcal
461,325,\Dom
462,325,\calE
463,325,\in
464,325,\mathcal
465,325,\colon
466,325,\int_
467,325,\calX
468,325,\int_
469,325,\calX
470,325,\infty
471,326,\ref
472,327,\eqref
473,329,align
474,330,\calE
475,330,\int_
476,330,\calX
477,330,\int_
478,330,\mathcal
479,333,align
480,334,\calE
481,334,\int_
482,334,\calX
483,334,\int_
484,334,\mathcal
485,334,\int_
486,334,\calX
487,334,\Gamma_
488,337,align
489,338,\Gamma_
490,338,\int_
491,338,\mathcal
492,340,\Gamma_
493,343,\mathcal
494,343,\calX
495,343,\infty
496,343,\in
497,343,\calX
498,344,displaymath
499,345,\int_
500,345,\calX
501,349,\cite
502,349,\ref
503,352,\subsection
504,352,\label
505,352,\label
506,354,\ref
507,354,\cite
508,356,definition
509,360,equation
510,361,\label
511,362,\Var_
512,362,\le
513,362,\calE
514,363,\tag
515,363,\text
516,365,\in
517,365,\Dom
518,365,\calE
519,367,\rho_0
520,368,equation
521,369,\label
522,370,\rho_0
523,370,\Ent_
524,370,\leq
525,370,\calE
526,370,\log
527,371,\tag
528,371,\text
529,373,\in
530,373,\Dom
531,373,\calE
532,373,\log
533,373,\in
534,373,\Dom
535,373,\calE
536,375,\eqref
537,375,\in
538,375,\alpha_p
539,376,equation
540,377,\label
541,378,\alpha_p
542,378,\leq
543,378,\frac
544,378,\calE
545,379,\tag
546,379,\text
547,381,\in
548,381,\Dom
549,381,\calE
550,381,\in
551,381,\Dom
552,381,\calE
553,381,\int_
554,381,\calX
555,383,\rho_1
556,384,equation
557,385,\label
558,386,\rho_1
559,386,\Ent_
560,386,\leq
561,386,\calE
562,387,\tag
563,387,\text
564,389,\in
565,389,\Dom
566,389,\calE
567,391,\eqref
568,391,\in
569,391,\beta_q
570,392,equation
571,393,\label
572,394,\beta_q
573,394,\leq
574,394,\calE
575,395,\tag
576,395,\text
577,397,\in
578,397,\Dom
579,397,\calE
580,400,remark
581,402,\calE
582,402,\eqref
583,402,\eqref
584,402,\eqref
585,402,\eqref
586,404,\ref
587,406,\ref
588,407,\eqref
589,407,\eqref
590,407,\ref
591,409,figure
592,410,tikzcd
593,413,matrix
594,414,\text
595,414,\eqref
596,415,\text
597,415,\inf
598,415,\alpha_p
599,417,\arrow
600,417,\text
601,417,\rho_0
602,417,\geq
603,417,\limsup_
604,417,\to
605,417,\alpha_p
606,418,\arrow
607,420,matrix
608,421,\text
609,421,\eqref
610,422,\text
611,422,\inf
612,422,\beta_q
613,424,\arrow
614,424,\text
615,424,\alpha_p
616,424,\geq
617,424,\beta_q
618,425,\arrow
619,425,\text
620,425,\rho_1
621,425,\geq
622,425,\frac
623,425,\limsup_
624,425,\to
625,425,\beta_q
626,428,\text
627,428,\eqref
628,429,\arrow
629,431,\text
630,431,\eqref
631,432,\arrow
632,432,\text
633,432,\rho_0
634,432,\geq
635,432,\rho_1
636,433,\arrow
637,433,\text
638,433,\beta_q
639,433,\geq
640,433,\rho_1
641,435,\caption
642,436,\label
643,439,\eqref
644,439,\implies
645,439,\eqref
646,439,\rho_0
647,439,\geq
648,439,\rho_1
649,439,\cite
650,439,\text
651,439,\mathcal
652,439,\sum_
653,439,\geq
654,439,\eqref
655,439,\cite
656,439,\eqref
657,439,\cite
658,441,\cite
659,441,\eqref
660,441,\in
661,441,\beta_q
662,441,\eqref
663,441,\rho_1
664,441,\geq
665,441,\frac
666,441,\limsup_
667,441,\to
668,441,\beta_q
669,441,\cite
670,443,\eqref
671,443,\implies
672,443,\eqref
673,443,\alpha_p
674,443,\ge
675,443,\beta_q
676,443,\cite
677,443,\ref
678,443,\beta_q
679,443,\ge
680,443,\alpha_p
681,443,\to
682,443,\eqref
683,443,\alpha_p
684,443,\cite
685,443,\cite
686,443,\eqref
687,443,\beta_q
688,443,\eqref
689,447,\eqref
690,447,\in
691,447,\alpha_p
692,447,\eqref
693,447,\rho_0
694,447,\geq
695,447,\limsup_
696,447,\to
697,447,\alpha_p
698,447,\cite
699,447,\cite
700,447,\eqref
701,447,\to
702,449,\eqref
703,449,\implies
704,449,\eqref
705,449,\inf_
706,449,\in
707,449,\alpha_p
708,451,\section
709,451,\label
710,453,\subsection
711,454,\ref
712,454,\ref
713,455,\ref
714,457,theorem
715,458,\eqref
716,458,\rho_0
717,459,\in
718,459,\theta
719,459,\in
720,460,align
721,461,\theta
722,461,\coloneqq
723,461,\Bigl
724,461,\frac
725,461,\bigl
726,461,\theta
727,461,\bigr
728,461,\theta
729,461,\Bigr
730,462,\cdot
731,462,\frac
732,462,\theta
733,462,\theta
734,463,\coloneqq
735,464,\max
736,464,\Bigl
737,466,\frac
738,466,\cdot
739,466,\sup_
740,466,\theta
741,466,\in
742,466,\theta
743,466,\Bigr
744,468,\in
745,468,\eqref
746,468,\alpha_p
747,468,\ge
748,468,\rho_0
749,470,\lim_
750,470,\to
751,470,\lim_
752,470,\to
753,470,\inf_
754,470,\in
755,470,\geq
756,470,\alpha_p
757,470,\ge
758,470,\rho_0
759,473,\to
760,473,\eqref
761,473,\alpha_p
762,473,\eqref
763,473,\rho_0
764,473,\ge
765,473,\limsup_
766,473,\to
767,473,\alpha_p
768,474,\ref
769,476,corollary
770,477,\label
771,478,\eqref
772,478,\rho_0
773,478,\eqref
774,478,\in
775,478,\alpha_p
776,479,\rho_0
777,479,\opt
778,479,\lim_
779,479,\to
780,479,\alpha_p
781,479,\opt
782,482,\subsection
783,483,\ref
784,485,\ref
785,485,\eqref
786,485,\ref
787,486,lemma
788,487,\in
789,487,\eqref
790,487,\alpha_p
791,487,\in
792,487,\calE
793,487,\in
794,487,\calE
795,488,\infty
796,493,lemma
797,494,\in
798,494,\calX
799,494,\in
800,496,\le
801,496,\Cov_
802,500,lemma
803,501,\in
804,503,\leq
805,503,\leq
806,503,\frac
807,507,\ref
808,509,lemma
809,510,\label
810,511,\ge
811,511,\ge
812,513,\log
813,513,\log
814,513,\le
815,513,\log
816,513,\log
817,516,proof
818,517,\frac
819,517,\log
820,517,\frac
821,517,\log
822,517,\le
823,518,\frac
824,518,\log
825,518,\ge
826,521,\ref
827,521,\ref
828,523,lemma
829,524,\ge
830,525,\in
831,525,\calE
832,525,\inf
833,526,\calE
834,526,\in
835,526,\infty
836,526,\calE
837,526,\log
838,526,\in
839,526,\infty
840,529,\subsection
841,529,\ref
842,531,\eqref
843,531,\eqref
844,531,\alpha_p
845,531,\to
846,532,proposition
847,533,\label
848,534,\eqref
849,534,\in
850,534,\eqref
851,536,\alpha_p
852,536,\ge
853,536,\frac
854,538,\eqref
855,538,\alpha_p
856,538,\ge
857,538,\frac
858,538,\rho_0
859,542,proof
860,543,\in
861,543,\in
862,543,\calE
863,544,\ref
864,545,\ref
865,545,\mapsto
866,545,\sup
867,545,\in
868,545,\Dom
869,545,\calE
870,546,\Cov_
871,546,\frac
872,546,\int_
873,546,\calX
874,546,\int_
875,546,\calX
876,547,\ref
877,547,\ref
878,547,\eqref
879,548,align
880,550,\le
881,551,\Cov_
882,552,\le
883,553,\Cov_
884,554,\le
885,555,\calE
886,557,\ref
887,557,\ref
888,560,\le
889,561,\frac
890,561,\calE
891,564,\eqref
892,564,\eqref
893,564,\ref
894,567,\to
895,569,proposition
896,570,\label
897,571,\eqref
898,571,\rho_0
899,572,\in
900,572,\in
901,572,\Dom
902,572,\calE
903,572,\inf
904,574,\rho_0
905,575,\le
906,576,\left
907,576,\frac
908,576,\inf
909,576,\right
910,577,\calE
911,581,proof
912,582,\in
913,582,\in
914,582,\Dom
915,582,\calE
916,582,\inf
917,583,\inf
918,585,\in
919,585,\coloneqq
920,585,\coloneqq
921,585,\calE
922,586,\in
923,586,\ref
924,586,\calE
925,586,\log
926,587,displaymath
927,588,\Ent_
928,588,\sup_
929,588,\in
930,590,\colon
931,590,\calX
932,590,\to
933,590,\overline
934,590,\RR
935,590,\cite
936,592,\log
937,592,\frac
938,594,\log
939,594,\tfrac
940,594,\log
941,595,\le
942,596,\Ent
943,596,\log
944,598,\eqref
945,598,\ref
946,598,\ref
947,599,align
948,600,\rho_0
949,600,\bigl
950,600,\log
951,600,\bigr
952,601,\le
953,601,\rho_0
954,601,\Ent
955,602,\le
956,602,\calE
957,602,\log
958,603,\le
959,604,\calE
960,604,\log
961,606,\leq
962,606,\leq
963,607,equation
964,608,\rho_0
965,608,\bigl
966,608,\bigr
967,609,\rho_0
968,609,\bigl
969,609,\log
970,609,\bigr
971,610,\leq
972,610,\leq
973,612,\inf
974,615,\ref
975,615,\ref
976,617,proof
977,618,\in
978,618,\in
979,618,\calE
980,619,\theta
981,619,\in
982,619,\max
983,619,\theta
984,619,\theta
985,619,\mathbb
986,619,\theta
987,620,\le
988,620,\leq
989,620,\theta
990,620,\theta
991,620,\mapsto
992,620,\theta
993,620,\in
994,622,equation
995,623,split
996,624,\le
997,626,\bigl
998,626,\theta
999,626,\theta
1000,626,\bigr
1001,627,\le
1002,629,\theta
1003,629,\bigl
1004,629,\theta
1005,629,\bigr
1006,632,\inf
1007,632,\le
1008,632,\theta
1009,632,\theta
1010,632,\ref
1011,633,equation
1012,634,\label
1013,635,\rho_0
1014,636,\le
1015,637,\left
1016,637,\tfrac
1017,637,\theta
1018,637,\theta
1019,637,\right
1020,637,\calE
1021,638,\le
1022,638,\left
1023,638,\tfrac
1024,638,\theta
1025,638,\theta
1026,638,\right
1027,638,\calE
1028,640,\mapsto
1029,640,\max
1030,640,\ref
1031,641,\eqref
1032,641,\eqref
1033,642,equation
1034,643,\label
1035,644,\rho_0
1036,645,\le
1037,646,\rho_0
1038,646,\theta
1039,646,\bigl
1040,646,\theta
1041,646,\bigr
1042,647,\left
1043,647,\tfrac
1044,647,\theta
1045,647,\theta
1046,647,\right
1047,647,\calE
1048,652,\leq
1049,653,align
1050,656,\Bigl
1051,656,\int_
1052,656,\Bigr
1053,657,\ge
1054,658,\Bigl
1055,658,\ind
1056,658,\lbrace
1057,658,\rbrace
1058,658,\int_
1059,658,\Bigr
1060,659,\ge
1061,660,\frac
1062,660,\bigl
1063,660,\bigr
1064,664,\theta
1065,664,\mathbb
1066,664,\bigl
1067,664,\theta
1068,664,\le
1069,664,\bigr
1070,665,\le
1071,666,\frac
1072,666,\bigl
1073,666,\bigr
1074,666,\theta
1075,670,\theta
1076,670,\le
1077,670,\frac
1078,670,\theta
1079,672,\eqref
1080,672,\theta
1081,672,\in
1082,673,\eqref
1083,675,\alpha_p
1084,675,\geq
1085,675,\rho_0
1086,675,\cdot
1087,675,\frac
1088,675,\cdot
1089,675,\sup_
1090,675,\theta
1091,675,\in
1092,675,\theta
1093,679,\theta
1094,680,\Bigl
1095,680,\frac
1096,680,\bigl
1097,680,\theta
1098,680,\bigr
1099,680,\theta
1100,680,\Bigr
1101,680,\cdot
1102,681,\frac
1103,681,\theta
1104,681,\theta
1105,683,\ref
1106,685,\in
1107,685,\alpha_p
1108,685,\geq
1109,685,\rho_0
1110,685,\ref
1111,687,\max
1112,687,\cdot
1113,687,\sup_
1114,687,\theta
1115,687,\in
1116,687,\theta
1117,690,\lim_
1118,690,\to
1119,690,\lim_
1120,690,\to
1121,690,\theta
1122,690,\leq
1123,690,\lim_
1124,690,\to
1125,693,align
1126,694,\geq
1127,694,\max
1128,694,\cdot
1129,694,\cdot
1130,694,\geq
1131,699,remark
1132,700,\eqref
1133,700,\emph
1134,700,\in
1135,703,\leq
1136,705,\opt_p
1137,705,\alpha_p
1138,705,\ge
1139,705,\opt_p
1140,705,\rho_0
1141,709,\section
1142,711,\label
1143,712,\cite
1144,712,\calX
1145,712,\calB
1146,712,\colon
1147,712,\calX
1148,712,\to
1149,712,\RR
1150,715,proposition
1151,716,\label
1152,717,\Gamma_
1153,717,\eqref
1154,717,\eqref
1155,718,\calE
1156,718,\eqref
1157,718,\in
1158,718,\eqref
1159,718,\alpha_p
1160,718,\ge
1161,718,\ge0
1162,719,\colon
1163,719,\calX
1164,719,\to
1165,719,\RR
1166,719,\ge
1167,720,align
1168,721,\norm
1169,721,\le
1170,721,\frac
1171,721,\norm
1172,721,\Gamma_
1173,721,\label
1174,722,\norm
1175,722,\le
1176,722,\frac
1177,722,\norm
1178,722,\Gamma_
1179,722,\label
1180,728,\ref
1181,728,\eqref
1182,728,\ref
1183,728,\eqref
1184,728,\emph
1185,728,\in
1186,728,\ref
1187,728,\eqref
1188,728,\emph
1189,728,\in
1190,728,\alpha_p
1191,728,\ge
1192,730,\ref
1193,732,assumption
1194,733,\leavevmode
1195,734,itemize
1196,735,\item
1197,735,\in
1198,735,\calA
1199,735,\in
1200,735,\RR
1201,735,\ge
1202,736,align
1203,737,\calE
1204,737,\le
1205,737,\bigl
1206,737,\bigr
1207,737,\frac
1208,737,\bigl
1209,737,\bigr
1210,739,\item
1211,739,\in
1212,739,\calA
1213,739,\calA
1214,739,\to
1215,739,\le
1216,743,remark
1217,744,\calA
1218,744,\mathcal
1219,744,\calA
1220,744,\calA
1221,744,\cite
1222,744,\ref
1223,744,\ref
1224,747,proposition
1225,748,\calE
1226,748,\colon
1227,748,\Dom
1228,748,\calE
1229,748,\times
1230,748,\Dom
1231,748,\calE
1232,748,\to
1233,748,\RR
1234,748,\colon
1235,748,\calA
1236,748,\times
1237,748,\calA
1238,748,\to
1239,748,\calX
1240,748,\calA
1241,748,\subseteq
1242,748,\Dom
1243,748,\calE
1244,748,\calE
1245,748,\eqref
1246,749,\ref
1247,749,\ref
1248,749,\in
1249,749,\eqref
1250,749,\alpha_p
1251,749,\ge
1252,749,\ge
1253,749,\in
1254,749,\mathcal
1255,749,\ge
1256,750,align
1257,751,\norm
1258,751,\le
1259,751,\frac
1260,751,\norm
1261,753,\ref
1262,756,remark
1263,757,align
1264,758,\le
1265,758,\rho_1
1266,761,\in
1267,761,\Ent
1268,761,\eqref
1269,761,\cite
1270,761,\RR
1271,761,\eqref
1272,761,\eqref
1273,761,\ref
1274,761,\eqref
1275,761,\eqref
1276,763,\cite
1277,763,\nabla
1278,764,align
1279,765,\le
1280,765,\frac
1281,767,\ge
1282,767,\ref
1283,770,remark
1284,773,remark
1285,774,\ref
1286,774,\ref
1287,774,\eqref
1288,774,\in
1289,774,\le
1290,774,\le
1291,774,\frac
1292,774,\ref
1293,779,proof
1294,782,\eqref
1295,782,\in
1296,782,\mathcal
1297,784,\in
1298,785,equation
1299,786,\norm
1300,786,\le
1301,786,\norm
1302,786,\Gamma_
1303,786,\max
1304,789,align
1305,790,\frac
1306,790,\max
1307,790,\big
1308,790,\frac
1309,790,\kappa_r
1310,790,\kappa_2
1311,790,\big
1312,791,\quad
1313,792,\kappa_r
1314,792,\Big
1315,792,\left
1316,792,\frac
1317,792,\right
1318,792,\Big
1319,792,\nearrow
1320,794,\to
1321,794,\infty
1322,796,\kappa_r
1323,796,\kappa_r
1324,798,\in
1325,799,align
1326,800,\norm
1327,801,\le
1328,802,\norm
1329,803,\le
1330,804,\norm
1331,805,\le
1332,806,\frac
1333,806,\calE
1334,807,\le
1335,808,\norm
1336,808,\Gamma_
1337,810,\eqref
1338,810,\ref
1339,810,\eqref
1340,810,\ge
1341,812,\in
1342,812,\colon
1343,812,\mathcal
1344,812,\to
1345,812,\RR
1346,813,\frac
1347,813,\frac
1348,814,\eqref
1349,814,\eqref
1350,814,\calE
1351,814,\eqref
1352,814,\mapsto
1353,815,align
1354,816,\alpha_p
1355,816,\le
1356,817,\frac
1357,817,\int
1358,817,\nonumber
1359,818,\le
1360,818,\frac
1361,818,\int
1362,818,\Gamma_
1363,821,\le
1364,821,\Gamma_
1365,821,\le
1366,821,\Gamma_
1367,821,\frac
1368,821,\frac
1369,822,align
1370,823,\alpha_p
1371,824,\le
1372,825,\frac
1373,825,\frac
1374,825,\norm
1375,825,\Gamma_
1376,827,\norm
1377,827,\alpha_p
1378,827,\ge
1379,827,\alpha_p
1380,828,align
1381,829,\le
1382,831,\frac
1383,831,\norm
1384,831,\Gamma_
1385,834,equation
1386,835,\le
1387,836,\left
1388,836,\norm
1389,836,\Gamma_
1390,836,\max
1391,836,\right
1392,838,\frac
1393,838,\norm
1394,838,\Gamma_
1395,841,\Gamma_
1396,841,\Gamma_
1397,842,\max
1398,842,\big
1399,842,\kappa_rr
1400,842,\kappa_2
1401,842,\big
1402,842,\kappa_u
1403,842,\norm
1404,842,\Gamma_
1405,842,\max
1406,844,\frac
1407,844,\norm
1408,844,\Gamma_
1409,844,\max
1410,844,\norm
1411,844,\Gamma_
1412,844,\le
1413,845,\frac
1414,845,\le
1415,846,\left
1416,846,\frac
1417,846,\right
1418,848,\eqref
1419,848,\norm
1420,848,\Gamma_
1421,849,align
1422,850,\left
1423,850,\frac
1424,850,\norm
1425,850,\Gamma_
1426,850,\right
1427,851,\le
1428,852,\left
1429,852,\frac
1430,852,\right
1431,854,\frac
1432,854,\kappa_2
1433,854,\kappa_r
1434,854,\left
1435,854,\frac
1436,854,\norm
1437,854,\Gamma_
1438,854,\right
1439,859,\left
1440,859,\frac
1441,859,\right
1442,861,\frac
1443,861,\kappa_r
1444,863,\infty
1445,863,\kappa_r
1446,864,\geq
1447,864,\le
1448,864,\kappa_2
1449,864,\le
1450,867,\le
1451,868,\norm
1452,868,\Gamma_
1453,870,\eqref
1454,874,\colon
1455,874,\mathcal
1456,874,\to
1457,874,\RR
1458,874,\Gamma_
1459,874,\infty
1460,874,\mathcal
1461,874,\Gamma_
1462,874,\infty
1463,874,\infty
1464,875,displaymath
1465,876,\Var_
1466,876,\le
1467,876,\frac
1468,876,\mathcal
1469,878,\max
1470,878,\min
1471,878,\to
1472,878,\to
1473,878,\to
1474,878,\infty
1475,878,\eqref
1476,879,align
1477,880,\le
1478,880,\frac
1479,880,\Gamma_
1480,883,align
1481,884,\Gamma_
1482,884,\int_
1483,884,\mathcal
1484,885,\le
1485,885,\int_
1486,885,\mathcal
1487,885,\Gamma_
1488,887,\eqref
1489,887,\eqref
1490,887,\to
1491,887,\infty
1492,889,\medskip
1493,891,\eqref
1494,891,\eqref
1495,895,proof
1496,896,\ref
1497,896,\eqref
1498,898,\in
1499,898,\in
1500,898,\mathcal
1501,899,displaymath
1502,900,\le
1503,900,\max
1504,902,\kappa_r
1505,902,\ge
1506,902,\kappa_r
1507,902,\eqref
1508,904,\eqref
1509,904,\calE
1510,906,\frac
1511,906,\frac
1512,906,\ref
1513,906,\in
1514,906,\Dom
1515,906,\calE
1516,909,\infty
1517,909,\in
1518,910,align
1519,911,\bigl
1520,911,\bigr
1521,911,\le
1522,913,\ref
1523,913,\in
1524,913,\Dom
1525,913,\calE
1526,915,\eqref
1527,916,align
1528,917,\alpha_p
1529,917,\bigl
1530,917,\bigr
1531,917,\le
1532,917,\frac
1533,917,\mathcal
1534,920,\ref
1535,920,\frac
1536,921,displaymath
1537,922,\alpha_p
1538,922,\bigl
1539,922,\bigr
1540,922,\le
1541,922,\frac
1542,924,\eqref
1543,926,\ref
1544,927,displaymath
1545,928,\le
1546,930,\in
1547,930,\mathcal
1548,930,\kappa_2
1549,930,\eqref
1550,930,\ref
1551,932,\in
1552,932,\calA
1553,932,\ref
1554,936,\section
1555,936,\label
1556,940,\subsection
1557,940,\label
1558,942,\eqref
1559,942,\eqref
1560,942,\eqref
1561,942,\eqref
1562,943,\ref
1563,944,\eqref
1564,944,\eqref
1565,944,\eqref
1566,944,\to
1567,944,\infty
1568,946,\cite
1569,948,proposition
1570,949,\label
1571,951,\rho
1572,952,\theta
1573,952,\rho
1574,953,\in
1575,953,\theta
1576,954,\mathcal
1577,954,\nabla
1578,954,\mathcal
1579,954,\beta
1580,954,\eqref
1581,954,\in
1582,955,\beta_q
1583,955,\ge
1584,955,\beta
1585,958,\ref
1586,958,\calA
1587,960,corollary
1588,961,\label
1589,962,\ref
1590,962,\beta
1591,962,\colon
1592,962,\to
1593,962,\RR
1594,962,\ge
1595,963,align
1596,964,\le
1597,964,\nabla
1598,969,\mu_
1599,969,\in
1600,969,\RR
1601,969,\exp
1602,969,\sum_
1603,969,\l
1604,969,\cite
1605,969,\beta
1606,969,\RR
1607,969,\eqref
1608,969,\in
1609,969,\cite
1610,969,\cite
1611,969,\cite
1612,970,\eqref
1613,970,\cite
1614,970,\cite
1615,970,\eqref
1616,971,\to
1617,972,\mu_
1618,972,\in
1619,975,\RR
1620,976,displaymath
1621,977,\nu_
1622,977,\frac
1623,981,\nu_
1624,981,\eqref
1625,981,\calE
1626,981,\langle
1627,981,\nabla
1628,981,\nabla
1629,981,\rangle
1630,981,\cite
1631,981,\ge
1632,981,\nu_
1633,982,displaymath
1634,983,\Var_
1635,983,\nu_
1636,983,\le
1637,983,\frac
1638,983,\int_
1639,983,\RR
1640,983,\nabla
1641,983,\nu_
1642,985,\frac
1643,986,\cite
1644,986,\ge
1645,988,\cite
1646,989,displaymath
1647,990,\Ent_
1648,990,\nu_
1649,990,\le
1650,990,\int_
1651,990,\RR
1652,990,\nabla
1653,990,\log
1654,990,\nu_
1655,992,\cite
1656,994,\eqref
1657,994,\eqref
1658,994,\ge
1659,995,align
1660,996,\nu_
1661,996,\nu_
1662,996,\le
1663,996,\frac
1664,996,\sqrt
1665,996,\sqrt
1666,996,\omega_1
1667,996,\nabla
1668,996,\nu_
1669,998,\omega_1
1670,999,align
1671,1000,\nu_
1672,1000,\nu_
1673,1000,\le
1674,1000,\sqrt
1675,1000,\sqrt
1676,1000,\omega_2
1677,1000,\nabla
1678,1000,\nu_
1679,1002,\omega_2
1680,1002,\log
1681,1002,\cite
1682,1002,\eqref
1683,1002,\eqref
1684,1004,\cite
1685,1004,\in
1686,1004,\frac
1687,1004,\nu_
1688,1005,align
1689,1006,\Big
1690,1006,\nu_
1691,1006,\nu_
1692,1006,\Big
1693,1006,\le
1694,1006,\int_
1695,1006,\RR
1696,1006,\nabla
1697,1006,\nu_
1698,1008,\calE
1699,1008,\int_
1700,1008,\RR
1701,1008,\langle
1702,1008,\nabla
1703,1008,\nabla
1704,1008,\rangle
1705,1008,\omega_1d
1706,1008,\nu_
1707,1008,\omega_1
1708,1008,\langle
1709,1008,\nabla
1710,1008,\omega_1
1711,1008,\omega_1
1712,1008,\nabla
1713,1008,\nabla
1714,1008,\rangle
1715,1008,\log
1716,1008,\frac
1717,1008,\nu_
1718,1008,\eqref
1719,1008,\eqref
1720,1008,\ref
1721,1008,\in
1722,1008,\frac
1723,1009,displaymath
1724,1010,\nu_
1725,1010,\nu_
1726,1010,\le
1727,1010,\calE
1728,1013,\in
1729,1013,\ref
1730,1013,\langle
1731,1013,\nabla
1732,1013,\nabla
1733,1013,\rangle
1734,1013,\omega_1
1735,1014,corollary
1736,1015,\ge
1737,1015,\colon
1738,1015,\RR
1739,1015,\to
1740,1015,\RR
1741,1015,\in
1742,1016,align
1743,1017,\nu_
1744,1017,\nu_
1745,1017,\le
1746,1017,\frac
1747,1017,\sqrt
1748,1017,\sqrt
1749,1017,\sqrt
1750,1017,\omega_1
1751,1017,\nabla
1752,1017,\nu_
1753,1022,\eqref
1754,1022,\eqref
1755,1022,\eqref
1756,1022,\omega_1
1757,1022,\omega_2
1758,1022,\eqref
1759,1023,\cite
1760,1023,\cite
1761,1025,\subsection
1762,1025,\label
1763,1027,\cite
1764,1027,\cite
1765,1028,\cite
1766,1028,\cite
1767,1028,\cite
1768,1028,\ref
1769,1028,\eqref
1770,1028,\cite
1771,1028,\l
1772,1028,\eqref
1773,1030,\eqref
1774,1030,\eqref
1775,1030,\cite
1776,1030,\ref
1777,1030,\cite
1778,1033,\cite
1779,1035,theorem
1780,1036,\label
1781,1037,\ldots
1782,1037,\ldots
1783,1037,\ldots
1784,1037,\ldots
1785,1038,\ldots
1786,1038,\ldots
1787,1040,\ge
1788,1041,align
1789,1042,\EE
1790,1042,\le
1791,1042,\sqrt
1792,1042,\sqrt
1793,1045,displaymath
1794,1046,\EE
1795,1046,\Big
1796,1046,\sum_
1797,1046,\Big
1798,1046,\ldots
1799,1046,\Big
1800,1048,\frac
1801,1048,\sqrt
1802,1048,\sqrt
1803,1053,\ref
1804,1053,\ref
1805,1053,\eqref
1806,1053,\ldots
1807,1053,\Gamma_
1808,1053,\eqref
1809,1054,displaymath
1810,1055,\frac
1811,1055,\int_
1812,1058,displaymath
1813,1059,\int_
1814,1059,\sum_
1815,1059,\ind
1816,1059,\ldots
1817,1059,\ldots
1818,1066,\eqref
1819,1066,\cite
1820,1068,align
1821,1069,\Ent
1822,1069,\le
1823,1069,\EE
1824,1069,\log
1825,1069,\EE
1826,1069,\EE
1827,1069,\log
1828,1070,\EE
1829,1070,\log
1830,1070,\log
1831,1071,\frac
1832,1071,\EE
1833,1071,\log
1834,1071,\log
1835,1073,\cite
1836,1074,displaymath
1837,1075,\Ent_
1838,1075,\le
1839,1075,\int
1840,1075,\sum_
1841,1075,\Ent_
1842,1075,\mu_i
1843,1079,\mu_1
1844,1079,\otimes
1845,1079,\cdots
1846,1079,\otimes
1847,1079,\mu_n
1848,1079,\eqref
1849,1079,\rho_0
1850,1079,\Ent_
1851,1079,\mu_i
1852,1079,\mu_i
1853,1079,\ref
1854,1079,\eqref
1855,1079,\alpha_p
1856,1079,\ge
1857,1079,\frac
1858,1080,\ref
1859,1080,\eqref
1860,1080,\frac
1861,1080,\sqrt
1862,1080,\sqrt
1863,1080,\ref
1864,1080,\sqrt
1865,1082,\subsection
1866,1082,\label
1867,1084,\mathcal
1868,1084,\mathcal
1869,1084,\in
1870,1084,\mathcal
1871,1084,\subseteq
1872,1084,\in
1873,1084,\in
1874,1084,\mathcal
1875,1084,\in
1876,1085,displaymath
1877,1086,\mu_i
1878,1086,\cdot
1879,1086,\PP
1880,1086,\in
1881,1086,\cdot
1882,1086,\PP
1883,1086,\in
1884,1086,\cdot
1885,1088,\ldots
1886,1088,\ldots
1887,1090,\in
1888,1090,\neq
1889,1091,displaymath
1890,1092,\sum_
1891,1092,\in
1892,1092,\int_
1893,1092,\ldots
1894,1092,\ldots
1895,1092,\mu_i
1896,1094,\ge
1897,1094,\in
1898,1094,\mu_i
1899,1094,\cdot
1900,1096,\mu_i
1901,1096,\cdot
1902,1096,\ldots
1903,1097,align
1904,1098,\int_
1905,1098,\mathcal
1906,1098,\sum_
1907,1098,\in
1908,1098,\ind
1909,1098,\ldots
1910,1098,\ldots
1911,1098,\mu_i
1912,1101,\eqref
1913,1101,\eqref
1914,1102,align
1915,1103,\frac
1916,1103,\sum_
1917,1103,\in
1918,1103,\EE
1919,1104,\Gamma_
1920,1104,\sum_
1921,1104,\in
1922,1104,\EE
1923,1106,\ref
1924,1106,\ref
1925,1106,\ref
1926,1108,corollary
1927,1109,\eqref
1928,1109,\rho_0
1929,1109,\in
1930,1109,\eqref
1931,1109,\alpha_p
1932,1109,\ge
1933,1109,\rho_0
1934,1109,\colon
1935,1109,\mathcal
1936,1109,\to
1937,1109,\RR
1938,1109,\ge
1939,1110,align
1940,1111,\EE
1941,1111,\le
1942,1111,\sqrt
1943,1111,\Big
1944,1111,\Big
1945,1111,\sum_
1946,1111,\in
1947,1111,\EE
1948,1111,\Big
1949,1111,\Big
1950,1112,\le
1951,1112,\sqrt
1952,1112,\Big
1953,1112,\Big
1954,1112,\sum_
1955,1112,\in
1956,1112,\Big
1957,1112,\Big
1958,1115,align
1959,1116,\EE
1960,1117,\le
1961,1117,\sqrt
1962,1117,\Big
1963,1117,\Big
1964,1117,\sum_
1965,1117,\in
1966,1117,\EE
1967,1117,\Big
1968,1117,\Big
1969,1118,\le
1970,1118,\sqrt
1971,1118,\Big
1972,1118,\Big
1973,1118,\sum_
1974,1118,\in
1975,1118,\Big
1976,1118,\Big
1977,1120,\sqrt
1978,1120,\frac
1979,1120,\sqrt
1980,1120,\rho_0
1981,1120,\sqrt
1982,1123,\cite
1983,1123,\eqref
1984,1123,\rho_1
1985,1123,\rho_1
1986,1123,\rho_0
1987,1123,\cite
1988,1123,\rho_1
1989,1123,\rho_0
1990,1123,\cite
1991,1123,\rho_0
1992,1125,\eqref
1993,1125,\eqref
1994,1125,\cite
1995,1125,\cite
1996,1125,\cite
1997,1128,\in
1998,1129,displaymath
1999,1130,\sup_
2000,1130,\in
2001,1130,\mathcal
2002,1130,\colon
2003,1130,\mathcal
2004,1130,\mathcal
2005,1132,\neq
2006,1132,\cdot
2007,1132,\alpha
2008,1132,\ell_2
2009,1132,\to
2010,1132,\ell_2
2011,1132,\ell_2
2012,1132,\to
2013,1132,\ell_2
2014,1133,\subsetneq
2015,1133,\notin
2016,1134,displaymath
2017,1135,\beta_
2018,1135,\inf_
2019,1135,\stackrel
2020,1135,\in
2021,1135,\in
2022,1135,\in
2023,1135,\supp
2024,1135,\PP
2025,1137,\emptyset
2026,1137,\inf_
2027,1137,\in
2028,1137,\supp
2029,1140,displaymath
2030,1141,\beta
2031,1141,\inf_
2032,1141,\subsetneq
2033,1141,\inf_
2034,1141,\notin
2035,1141,\beta_
2036,1145,theorem
2037,1146,\alpha
2038,1146,\beta
2039,1147,displaymath
2040,1148,\rho_0
2041,1148,\ge
2042,1148,\alpha
2043,1148,\beta
2044,1148,\quad
2045,1148,\rho_1
2046,1148,\ge
2047,1148,\frac
2048,1148,\log
2049,1148,\alpha
2050,1148,\beta
2051,1148,\log
2052,1148,\beta
2053,1152,\rho_0
2054,1152,\eqref
2055,1152,\cite
2056,1152,\rho_0
2057,1152,\rho_0
2058,1153,\ref
2059,1155,corollary
2060,1159,\ref
2061,1160,\cite
2062,1161,\to
2063,1161,\infty
2064,1161,\rho_0
2065,1161,\rho_1
2066,1162,\ref
2067,1163,\rho_0
2068,1163,\rho_1
2069,1163,\beta
2070,1164,\ref
2071,1164,\rho_0
2072,1164,\ref
2073,1164,\rho_1
2074,1168,\medskip
2075,1170,\subsubsection
2076,1170,\in
2077,1170,\colon
2078,1170,\mathcal
2079,1170,\gamma_1
2080,1170,\ldots
2081,1170,\gamma_s
2082,1170,\in
2083,1170,\RR
2084,1170,\ldots
2085,1170,\mu_
2086,1170,\mathcal
2087,1171,displaymath
2088,1172,\exp
2089,1172,\quad
2090,1172,\in
2091,1172,\mathcal
2092,1175,displaymath
2093,1176,\sum_
2094,1176,\gamma_i
2095,1176,\frac
2096,1178,\colon
2097,1178,\to
2098,1178,\mu_
2099,1178,\H
2100,1178,\gamma_1
2101,1178,\gamma_1
2102,1178,\cite
2103,1178,\cite
2104,1178,\rho_0
2105,1178,\rho_1
2106,1181,displaymath
2107,1182,\frac
2108,1182,\sum_
2109,1182,\gamma_i
2110,1184,\ref
2111,1184,\alpha
2112,1184,\ge
2113,1184,\beta
2114,1184,\ge
2115,1184,\gamma_1
2116,1184,\rho_0
2117,1184,\rho_1
2118,1184,\gamma_1
2119,1184,\gamma_1
2120,1184,\to
2121,1184,\infty
2122,1184,\rho_1
2123,1184,\gamma_1
2124,1184,\H
2125,1186,\subsubsection
2126,1186,\ldots
2127,1186,\mathcal
2128,1187,displaymath
2129,1188,\varepsilon
2130,1188,\frac
2131,1188,\exp
2132,1188,\Big
2133,1188,\frac
2134,1188,\sum_
2135,1188,\varepsilon_i
2136,1188,\varepsilon_j
2137,1188,\sum_
2138,1188,\varepsilon_i
2139,1188,\Big
2140,1190,\in
2141,1190,\RR
2142,1190,\cite
2143,1190,\cite
2144,1190,\rho_0
2145,1190,\ref
2146,1190,\cite
2147,1190,\rho_1
2148,1190,\ref
2149,1190,\alpha
2150,1190,\beta
2151,1190,\ref
2152,1190,\cite
2153,1191,align
2154,1192,\alpha
2155,1192,\ge
2156,1192,\max_
2157,1192,\le
2158,1192,\sum_
2159,1192,\le
2160,1192,\quad
2161,1192,\beta
2162,1192,\ge
2163,1192,\infty
2164,1196,\rho_0
2165,1196,\rho_1
2166,1196,\ref
2167,1196,\beta
2168,1196,\to
2169,1196,\beta
2170,1196,\rho_0
2171,1196,\rho_1
2172,1196,\beta
2173,1198,\medskip
2174,1200,\subsubsection
2175,1201,\rho_0
2176,1201,\rho_1
2177,1201,\rho_0
2178,1201,\rho_1
2179,1201,\to
2180,1204,\varepsilon
2181,1204,\varepsilon_i
2182,1204,\in
2183,1204,\in
2184,1204,\mathcal
2185,1204,\coloneqq
2186,1205,\varepsilon_i
2187,1205,\varepsilon_j
2188,1205,\in
2189,1205,\mathcal
2190,1206,displaymath
2191,1207,\varepsilon
2192,1207,\frac
2193,1207,\prod_
2194,1207,\in
2195,1207,\varepsilon_i
2196,1207,\ind
2197,1207,\textrm
2198,1207,\varepsilon
2199,1210,\cite
2200,1210,\cite
2201,1211,align
2202,1212,\rho_0
2203,1212,\rho_0
2204,1212,\ge
2205,1212,\frac
2206,1212,\min
2207,1214,\cite
2208,1215,\eqref
2209,1215,\rho_0
2210,1215,\rho_1
2211,1215,\cite
2212,1215,\ref
2213,1215,\beta
2214,1217,\Delta_n
2215,1217,\rho_0
2216,1217,\rho_0
2217,1217,\Delta_n
2218,1217,\rho_1
2219,1217,\rho_1
2220,1217,\Delta_n
2221,1217,\frac
2222,1217,\log
2223,1218,\cup
2224,1218,\colon
2225,1218,\in
2226,1220,\varepsilon
2227,1220,\varepsilon
2228,1220,\ast
2229,1220,\varepsilon_0
2230,1220,\varepsilon
2231,1220,\circ
2232,1220,\varepsilon
2233,1220,\circ
2234,1220,\varepsilon
2235,1220,\circ
2236,1220,\in
2237,1222,\varepsilon
2238,1222,\ast
2239,1222,\frac
2240,1222,\varepsilon
2241,1222,\circ
2242,1222,\frac
2243,1224,\eqref
2244,1224,\ind
2245,1224,\varepsilon
2246,1224,\circ
2247,1224,\varepsilon
2248,1224,\circ
2249,1225,displaymath
2250,1226,\Ent
2251,1226,\log
2252,1229,displaymath
2253,1230,\calE
2254,1230,\sqrt
2255,1230,\sqrt
2256,1230,\calE
2257,1230,\EE
2258,1230,\sum_
2259,1234,\varepsilon
2260,1234,\circ
2261,1234,\neq
2262,1234,\varepsilon
2263,1234,\circ
2264,1235,displaymath
2265,1236,\sum_
2266,1238,\varepsilon
2267,1238,\circ
2268,1239,\neq
2269,1239,\neq
2270,1239,\frac
2271,1240,displaymath
2272,1241,\calE
2273,1241,\sqrt
2274,1241,\sqrt
2275,1241,\frac
2276,1243,\rho_1
2277,1243,\le
2278,1243,\frac
2279,1243,\log
2280,1243,\frac
2281,1243,\ge
2282,1243,\frac
2283,1244,displaymath
2284,1245,\rho_1
2285,1245,\le
2286,1245,\frac
2287,1245,\frac
2288,1245,\log
2289,1247,\frac
2290,1247,\rho_1
2291,1247,\Big
2292,1247,\frac
2293,1247,\log
2294,1247,\Big
2295,1247,\eqref
2296,1247,\rho_0
2297,1247,\ge
2298,1249,\subsection
2299,1249,\label
2300,1250,\subsubsection
2301,1251,\pi_n
2302,1251,\emph
2303,1252,displaymath
2304,1253,\frac
2305,1253,\sum_
2306,1253,\Big
2307,1253,\circ
2308,1253,\tau_
2309,1253,\Big
2310,1253,\frac
2311,1253,\sum_
2312,1253,\le
2313,1253,\le
2314,1253,\Big
2315,1253,\circ
2316,1253,\tau_
2317,1253,\Big
2318,1255,\tau_
2319,1257,align
2320,1258,\calE
2321,1258,\frac
2322,1258,\sum_
2323,1258,\in
2324,1258,\sum_
2325,1258,\Big
2326,1258,\circ
2327,1258,\tau_
2328,1258,\Big
2329,1258,\Big
2330,1258,\circ
2331,1258,\tau_
2332,1258,\Big
2333,1259,\frac
2334,1259,\sum_
2335,1259,\in
2336,1259,\sum_
2337,1259,\le
2338,1259,\le
2339,1259,\Big
2340,1259,\circ
2341,1259,\tau_
2342,1259,\Big
2343,1259,\Big
2344,1259,\circ
2345,1259,\tau_
2346,1259,\Big
2347,1262,\rho_0
2348,1262,\ge
2349,1262,\frac
2350,1263,\cite
2351,1263,\cite
2352,1263,\eqref
2353,1263,\alpha_p
2354,1263,\frac
2355,1263,\cite
2356,1263,\cite
2357,1263,\frac
2358,1263,\log
2359,1263,\cite
2360,1263,\cite
2361,1263,\to
2362,1263,\infty
2363,1267,proposition
2364,1268,\colon
2365,1268,\to
2366,1268,\RR
2367,1268,\ge
2368,1269,equation
2369,1270,\EE
2370,1270,\le
2371,1270,\ds
2372,1270,\sqrt
2373,1270,\Big
2374,1270,\Bigl
2375,1270,\frac
2376,1270,\sum_
2377,1270,\circ
2378,1270,\tau_
2379,1270,\Bigr
2380,1270,\Big
2381,1273,equation
2382,1274,\EE
2383,1274,\le
2384,1274,\ds
2385,1274,\sqrt
2386,1274,\Big
2387,1274,\Bigl
2388,1274,\frac
2389,1274,\sum_
2390,1274,\circ
2391,1274,\tau_
2392,1274,\Bigr
2393,1274,\Big
2394,1276,\ds
2395,1276,\sqrt
2396,1276,\frac
2397,1276,\sqrt
2398,1276,\sqrt
2399,1279,proof
2400,1282,\frac
2401,1282,\frac
2402,1282,\sum_
2403,1282,\bigl
2404,1282,\circ
2405,1282,\tau_
2406,1282,\bigr
2407,1284,\ref
2408,1284,\ref
2409,1285,\min_
2410,1285,\in
2411,1285,\frac
2412,1285,\frac
2413,1289,\subsubsection
2414,1292,equation
2415,1293,\sum_
2416,1295,\eqref
2417,1295,\cite
2418,1295,\cite
2419,1295,\cite
2420,1295,\cite
2421,1295,\cite
2422,1297,\cite
2423,1297,\eqref
2424,1299,\ref
2425,1299,\cite
2426,1299,\cite
2427,1301,proposition
2428,1302,\label
2429,1303,\mathcal
2430,1303,\times
2431,1304,displaymath
2432,1305,\sup_
2433,1305,\in
2434,1305,\mathcal
2435,1305,\sum_
2436,1307,\ge
2437,1308,equation
2438,1309,\EE
2439,1309,\le
2440,1309,\ds
2441,1309,\sqrt
2442,1309,\ds
2443,1311,\EE
2444,1311,\sup_
2445,1311,\in
2446,1311,\mathcal
2447,1311,\sqrt
2448,1311,\sum_
2449,1311,\big
2450,1311,\max_
2451,1311,\le
2452,1311,\sup_
2453,1311,\in
2454,1311,\mathcal
2455,1311,\big
2456,1311,\ds
2457,1311,\ref
2458,1312,\ge
2459,1313,equation
2460,1314,\PP
2461,1314,\Big
2462,1314,\ge
2463,1314,\EE
2464,1314,\ds
2465,1314,\sqrt
2466,1314,\ds
2467,1314,\Big
2468,1314,\le
2469,1321,example
2470,1322,\mathcal
2471,1322,\eqref
2472,1322,\cite
2473,1322,\cite
2474,1323,align
2475,1324,\PP
2476,1324,\Big
2477,1324,\ge
2478,1324,\EE
2479,1324,\Big
2480,1324,\sqrt
2481,1324,\Big
2482,1324,\frac
2483,1324,\sum_
2484,1324,\Big
2485,1324,\max_
2486,1324,\le
2487,1324,\Big
2488,1324,\Big
2489,1324,\le
2490,1326,\ref
2491,1327,displaymath
2492,1328,\EE
2493,1328,\sqrt
2494,1328,\sum_
2495,1328,\quad
2496,1328,\big
2497,1328,\max_
2498,1328,\le
2499,1328,\big
2500,1331,\max_
2501,1331,\ge
2502,1331,\max_
2503,1333,\sum_
2504,1333,\ge
2505,1333,\max_
2506,1333,\ref
2507,1333,\eqref
2508,1333,\eqref
2509,1333,\cite
2510,1335,\sum_
2511,1335,\sum_
2512,1335,\sum_
2513,1337,\sum_
2514,1337,\EE
2515,1337,\sum_
2516,1337,\Var
2517,1339,\ref
2518,1339,\eqref
2519,1339,\max_
2520,1339,\le
2521,1344,example
2522,1345,\cite
2523,1345,\mathcal
2524,1345,\subseteq
2525,1345,\in
2526,1345,\RR
2527,1345,\colon
2528,1345,\ldots
2529,1345,\le
2530,1345,\ldots
2531,1345,\ldots
2532,1346,displaymath
2533,1347,\sup_
2534,1347,\in
2535,1347,\mathcal
2536,1347,\sum_
2537,1347,\qquad
2538,1347,\sup_
2539,1347,\in
2540,1347,\mathcal
2541,1347,\sum_
2542,1349,\cite
2543,1349,\cite
2544,1349,\cite
2545,1350,align
2546,1351,\PP
2547,1351,\Big
2548,1351,\ge
2549,1351,\EE
2550,1351,\sqrt
2551,1351,\frac
2552,1351,\sup_
2553,1351,\in
2554,1351,\mathcal
2555,1351,\infty
2556,1351,\Big
2557,1351,\le
2558,1353,\ge
2559,1353,\sup_
2560,1353,\in
2561,1353,\mathcal
2562,1353,\Var
2563,1353,\sup_
2564,1353,\in
2565,1353,\mathcal
2566,1353,\infty
2567,1353,\EE
2568,1355,\le
2569,1355,\ref
2570,1356,align
2571,1357,\PP
2572,1357,\Big
2573,1357,\ge
2574,1357,\EE
2575,1357,\ds
2576,1357,\sqrt
2577,1357,\ds
2578,1357,\Big
2579,1357,\le
2580,1360,displaymath
2581,1361,\EE
2582,1361,\sup_
2583,1361,\in
2584,1361,\mathcal
2585,1361,\Big
2586,1361,\sum_
2587,1361,\Big
2588,1361,\quad
2589,1361,\Big
2590,1361,\sup_
2591,1361,\in
2592,1361,\mathcal
2593,1361,\max_
2594,1361,\le
2595,1361,\Big
2596,1364,\sup_
2597,1364,\in
2598,1364,\mathcal
2599,1364,\infty
2600,1364,\eqref
2601,1364,\eqref
2602,1364,\EE
2603,1364,\eqref
2604,1364,\EE
2605,1364,\EE
2606,1364,\eqref
2607,1364,\cite
2608,1365,displaymath
2609,1366,\EE
2610,1366,\EE
2611,1366,\le
2612,1366,\frac
2613,1366,\sup_
2614,1366,\in
2615,1366,\mathcal
2616,1366,\infty
2617,1368,\mathcal
2618,1368,\subseteq
2619,1368,\EE
2620,1368,\sqrt
2621,1368,\eqref
2622,1368,\EE
2623,1368,\le
2624,1368,\sqrt
2625,1368,\sqrt
2626,1368,\EE
2627,1368,\sup_
2628,1368,\in
2629,1368,\mathcal
2630,1368,\Big
2631,1368,\sum_
2632,1368,\Big
2633,1368,\sqrt
2634,1368,\eqref
2635,1368,\EE
2636,1368,\sqrt
2637,1368,\le
2638,1372,\cite
2639,1372,\cite
2640,1372,\colon
2641,1372,\to
2642,1372,\colon
2643,1372,\to
2644,1372,\RR
2645,1373,equation
2646,1374,\EE
2647,1374,\Big
2648,1374,\sum_
2649,1374,\Big
2650,1374,\le
2651,1374,\EE
2652,1374,\Big
2653,1374,\sum_
2654,1374,\Big
2655,1377,displaymath
2656,1378,\le
2657,1378,\EE
2658,1378,\sup_
2659,1378,\in
2660,1378,\mathcal
2661,1378,\sum_
2662,1378,\le
2663,1378,\EE
2664,1378,\sup_
2665,1378,\in
2666,1378,\mathcal
2667,1378,\sum_
2668,1378,\le
2669,1378,\sup_
2670,1378,\in
2671,1378,\mathcal
2672,1378,\Var
2673,1378,\sup_
2674,1378,\in
2675,1378,\mathcal
2676,1378,\infty
2677,1378,\EE
2678,1380,\sup_
2679,1380,\in
2680,1380,\mathcal
2681,1380,\sum_
2682,1380,\varepsilon_k
2683,1380,\varepsilon_1
2684,1380,\ldots
2685,1380,\varepsilon_m
2686,1380,\ldots
2687,1380,\cite
2688,1380,\cite
2689,1380,\mathcal
2690,1380,\EE
2691,1380,\le
2692,1380,\EE
2693,1380,\eqref
2694,1380,\sqrt
2695,1380,\eqref
2696,1380,\cite
2697,1380,\eqref
2698,1380,\max_
2699,1380,\le
2700,1380,\sup_
2701,1380,\in
2702,1380,\mathcal
2703,1380,\sup_
2704,1380,\in
2705,1380,\mathcal
2706,1380,\infty
2707,1380,\ref
2708,1384,\eqref
2709,1384,\eqref
2710,1384,\eqref
2711,1384,\sqrt
2712,1384,\cite
2713,1384,\EE
2714,1384,\EE
2715,1384,\sup_
2716,1384,\in
2717,1384,\mathcal
2718,1384,\infty
2719,1384,\ell_
2720,1384,\infty
2721,1387,\ref
2722,1389,proof
2723,1390,\in
2724,1390,\sup_
2725,1390,\in
2726,1390,\mathcal
2727,1390,\sum_
2728,1390,\tau_
2729,1390,\ell_2
2730,1391,align
2731,1392,\Big
2732,1392,\sum_
2733,1392,\Big
2734,1392,\le
2735,1392,\sup_
2736,1392,\in
2737,1392,\mathcal
2738,1392,\Big
2739,1392,\sum_
2740,1392,\Big
2741,1393,\le
2742,1393,\sqrt
2743,1393,\sup_
2744,1393,\in
2745,1393,\mathcal
2746,1393,\Big
2747,1393,\sum_
2748,1393,\Big
2749,1393,\sup_
2750,1393,\in
2751,1393,\mathcal
2752,1393,\Big
2753,1393,\sum_
2754,1393,\Big
2755,1396,\ref
2756,1397,align
2757,1398,\EE
2758,1398,\le
2759,1399,\ds
2760,1399,\sqrt
2761,1399,\Big
2762,1399,\sup_
2763,1399,\in
2764,1399,\mathcal
2765,1399,\Big
2766,1399,\sum_
2767,1399,\Big
2768,1399,\Big
2769,1400,\ds
2770,1400,\sqrt
2771,1400,\Big
2772,1400,\sup_
2773,1400,\in
2774,1400,\mathcal
2775,1400,\frac
2776,1400,\sum_
2777,1400,\Big
2778,1406,\sup_
2779,1406,\in
2780,1406,\mathcal
2781,1406,\Big
2782,1406,\sum_
2783,1406,\Big
2784,1407,\quad
2785,1408,\sup_
2786,1408,\in
2787,1408,\mathcal
2788,1408,\Big
2789,1408,\sum_
2790,1408,\tau_
2791,1408,\Big
2792,1410,\ref
2793,1411,align
2794,1412,\EE
2795,1412,\le
2796,1412,\ds
2797,1412,\sqrt
2798,1412,\Big
2799,1412,\Big
2800,1412,\frac
2801,1412,\sum_
2802,1412,\Big
2803,1412,\Big
2804,1414,\in
2805,1414,\mathcal
2806,1415,displaymath
2807,1416,\Big
2808,1416,\sum_
2809,1416,\Big
2810,1418,\in
2811,1419,displaymath
2812,1420,\sqrt
2813,1420,\sum_
2814,1420,\neq
2815,1421,\qquad
2816,1422,\sqrt
2817,1423,\qquad
2818,1424,\sqrt
2819,1426,\varphi
2820,1426,\mapsto
2821,1426,\sqrt
2822,1426,\varphi
2823,1426,\RR_
2824,1426,\varphi
2825,1426,\mapsto
2826,1427,align
2827,1428,\le
2828,1428,\varphi
2829,1428,\le
2830,1428,\varphi
2831,1428,\frac
2832,1429,\le
2833,1429,\frac
2834,1429,\max_
2835,1429,\le
2836,1431,\in
2837,1432,displaymath
2838,1433,\sum_
2839,1433,\le
2840,1433,\max_
2841,1433,\le
2842,1433,\sup_
2843,1433,\in
2844,1433,\mathcal
2845,1435,\eqref
2846,1436,align
2847,1437,\EE
2848,1437,\le
2849,1437,\ds
2850,1437,\sqrt
2851,1437,\Big
2852,1437,\max_
2853,1437,\le
2854,1437,\sup_
2855,1437,\in
2856,1437,\mathcal
2857,1437,\Big
2858,1437,\ds
2859,1437,\sqrt
2860,1440,equation
2861,1441,\label
2862,1442,\leq
2863,1442,\EE
2864,1442,\EE
2865,1442,\leq
2866,1442,\ds
2867,1442,\sqrt
2868,1445,displaymath
2869,1446,\EE
2870,1446,\ge
2871,1446,\sup_
2872,1446,\in
2873,1446,\mathcal
2874,1446,\EE
2875,1446,\Big
2876,1446,\sum_
2877,1446,\Big
2878,1448,\eqref
2879,1448,\mathcal
2880,1449,align
2881,1450,\Big
2882,1450,\sup_
2883,1450,\in
2884,1450,\mathcal
2885,1450,\frac
2886,1450,\sum_
2887,1450,\Big
2888,1450,\Big
2889,1450,\EE
2890,1450,\sum_
2891,1450,\Big
2892,1451,\le
2893,1451,\sqrt
2894,1451,\ds
2895,1451,\Big
2896,1451,\max_
2897,1451,\le
2898,1451,\Big
2899,1451,\nonumber
2900,1452,\le
2901,1452,\sqrt
2902,1452,\ds
2903,1452,\nonumber
2904,1454,\eqref
2905,1454,\eqref
2906,1455,align
2907,1456,\EE
2908,1456,\le
2909,1456,\ds
2910,1456,\sqrt
2911,1456,\sqrt
2912,1456,\ds
2913,1456,\sqrt
2914,1456,\ds
2915,1456,\sqrt
2916,1457,\le
2917,1457,\ds
2918,1457,\sqrt
2919,1457,\ds
2920,1459,\eqref
2921,1459,\eqref
2922,1459,\le
2923,1462,\subsubsection
2924,1462,\label
2925,1463,\ge
2926,1463,\kappa_1
2927,1463,\ldots
2928,1463,\kappa_l
2929,1463,\in
2930,1463,\NN_
2931,1463,\kappa_1
2932,1463,\ldots
2933,1463,\kappa_l
2934,1465,\ldots
2935,1465,\in
2936,1465,\colon
2937,1465,\kappa_i
2938,1465,\text
2939,1465,\ldots
2940,1467,\emph
2941,1467,\le
2942,1467,\kappa_i
2943,1467,\ldots
2944,1467,\cite
2945,1467,\cite
2946,1467,\rho_1
2947,1467,\eqref
2948,1467,\to
2949,1467,\infty
2950,1468,\cite
2951,1469,\cite
2952,1470,\infty
2953,1471,\rho_1
2954,1475,\subsection
2955,1476,\cite
2956,1478,\cite
2957,1478,\mathcal
2958,1478,\subseteq
2959,1478,\emph
2960,1478,\cite
2961,1478,\in
2962,1478,\calX
2963,1478,\rhd
2964,1479,displaymath
2965,1480,\quad
2966,1480,\text
2967,1480,\quad
2968,1480,\exists_
2969,1480,\le
2970,1480,\enspace
2971,1482,\neq
2972,1482,\nu_1
2973,1482,\nu_2
2974,1482,\mathcal
2975,1482,\nu_1
2976,1482,\nu_2
2977,1482,\nu_1
2978,1482,\nu_2
2979,1482,\in
2980,1482,\calX
2981,1482,\colon
2982,1482,\rhd
2983,1484,\calX
2984,1484,\subseteq
2985,1484,\in
2986,1484,\subseteq
2987,1484,\in
2988,1484,\PP
2989,1484,\PP
2990,1484,\rhd
2991,1486,displaymath
2992,1487,\PP
2993,1487,\in
2994,1487,\cdot
2995,1487,\rhd
2996,1487,\PP
2997,1487,\in
2998,1487,\cdot
2999,1489,\sim
3000,1489,\mathcal
3001,1490,\sim
3002,1493,\cite
3003,1493,\cite
3004,1495,\cite
3005,1497,theorem
3006,1498,\calX
3007,1498,\subseteq
3008,1501,\eqref
3009,1501,\rho_0
3010,1501,\ge
3011,1501,\min_
3012,1501,\in
3013,1501,\calX
3014,1501,\sim
3015,1501,\max
3016,1504,\in
3017,1504,\mathcal
3018,1504,\cdot
3019,1504,\in
3020,1504,\calX
3021,1504,\colon
3022,1504,\sim
3023,1504,\sum_
3024,1504,\in
3025,1504,\calX
3026,1504,\setminus
3027,1504,\le
3028,1504,\eqref
3029,1504,\rho_0
3030,1504,\ge
3031,1507,\in
3032,1507,\calX
3033,1507,\colon
3034,1507,\sum_
3035,1507,\in
3036,1507,\calX
3037,1507,\colon
3038,1507,\textrm
3039,1507,\sum_
3040,1507,\in
3041,1507,\calX
3042,1507,\setminus
3043,1507,\le
3044,1507,\eqref
3045,1507,\rho_0
3046,1507,\ge
3047,1510,\ref
3048,1510,\ref
3049,1511,corollary
3050,1512,\ref
3051,1512,\in
3052,1512,\eqref
3053,1512,\alpha_p
3054,1512,\ge
3055,1512,\rho_0
3056,1512,\colon
3057,1512,\calX
3058,1512,\to
3059,1512,\RR
3060,1512,\ge
3061,1513,align
3062,1514,\EE
3063,1514,\le
3064,1514,\sqrt
3065,1514,\Big
3066,1514,\Big
3067,1514,\sum_
3068,1514,\in
3069,1514,\calX
3070,1514,\Big
3071,1514,\Big
3072,1516,\sqrt
3073,1516,\frac
3074,1516,\sqrt
3075,1516,\rho_0
3076,1516,\sqrt
3077,1521,\ref
3078,1521,\frac
3079,1521,\min
3080,1521,\Big
3081,1521,\frac
3082,1521,\Big
3083,1521,\sim
3084,1521,\ref
3085,1521,\ref
3086,1521,\cite
3087,1521,\rho_0
3088,1524,\subsection
3089,1526,\cite
3090,1526,\lambda_i
3091,1526,\mathcal
3092,1526,\in
3093,1526,\NN
3094,1526,\colon
3095,1526,\sum_
3096,1526,\lambda_i
3097,1526,\colon
3098,1526,\cup
3099,1526,\to
3100,1526,\infty
3101,1526,\ldots
3102,1526,\lambda_i
3103,1526,\ldots
3104,1527,align
3105,1528,\sum_
3106,1528,\lambda_i
3107,1530,\ldots
3108,1530,\RR
3109,1531,\calX
3110,1532,equation
3111,1533,\frac
3112,1533,\prod_
3113,1533,\frac
3114,1533,\lambda_i
3115,1533,\cdots
3116,1533,\lambda_i
3117,1536,\rho_0
3118,1536,\cite
3119,1538,theorem
3120,1539,\in
3121,1539,\NN
3122,1540,align
3123,1541,\leq
3124,1541,\lambda_i
3125,1541,\lambda_i
3126,1541,\leq
3127,1544,\eqref
3128,1544,\rho_0
3129,1544,\ge
3130,1544,\frac
3131,1547,\ref
3132,1547,\ref
3133,1549,corollary
3134,1550,\eqref
3135,1550,\in
3136,1550,\eqref
3137,1550,\alpha_p
3138,1550,\ge
3139,1550,\frac
3140,1552,\ldots
3141,1552,\eqref
3142,1552,\colon
3143,1552,\calX
3144,1552,\to
3145,1552,\RR
3146,1552,\ge
3147,1553,displaymath
3148,1554,\EE
3149,1554,\le
3150,1554,\frac
3151,1554,\sqrt
3152,1554,\sqrt
3153,1554,\Big
3154,1554,\Big
3155,1554,\sum_
3156,1554,\sum_
3157,1554,\lambda_i
3158,1554,\Big
3159,1554,\Big
3160,1556,\sqrt
3161,1556,\frac
3162,1556,\sqrt
3163,1556,\sqrt
3164,1559,\cite
3165,1559,\cite
3166,1559,\cite
3167,1559,\le
3168,1559,\cite
3169,1561,\subsection
3170,1561,\label
3171,1562,\cite
3172,1562,\eqref
3173,1562,\cite
3174,1562,\cite
3175,1562,\eqref
3176,1562,\cite
3177,1562,\cite
3178,1562,\cite
3179,1562,\cite
3180,1562,\cite
3181,1562,\cite
3182,1562,\cite
3183,1562,\cite
3184,1562,\cite
3185,1564,\cite
3186,1567,\mathcal
3187,1567,\mathcal
3188,1567,\mathcal
3189,1567,\NN
3190,1567,\cup
3191,1567,\infty
3192,1567,\mathcal
3193,1567,\mathcal
3194,1567,\mathcal
3195,1567,\mathcal
3196,1567,\in
3197,1567,\mathcal
3198,1567,\mapsto
3199,1567,\mathcal
3200,1569,\le
3201,1569,\infty
3202,1569,\mathcal
3203,1570,align
3204,1571,\sum_
3205,1571,\delta_
3206,1573,\delta_x
3207,1573,\cite
3208,1575,\mathcal
3209,1575,\mathcal
3210,1576,\colon
3211,1576,\mathcal
3212,1576,\to
3213,1576,\RR
3214,1576,\in
3215,1576,\mathcal
3216,1577,displaymath
3217,1578,\delta_x
3218,1581,displaymath
3219,1582,\delta_x
3220,1584,\in
3221,1584,\supp
3222,1586,\cite
3223,1586,\colon
3224,1586,\mathcal
3225,1586,\to
3226,1586,\infty
3227,1587,equation
3228,1588,\Ent
3229,1588,\le
3230,1588,\EE
3231,1588,\int_
3232,1588,\mathcal
3233,1590,\log
3234,1591,align
3235,1592,\Ent
3236,1592,\le
3237,1592,\calE
3238,1592,\log
3239,1594,\colon
3240,1594,\mathcal
3241,1594,\to
3242,1594,\infty
3243,1595,displaymath
3244,1596,\calE
3245,1596,\int_
3246,1596,\mathcal
3247,1596,\EE
3248,1599,\cite
3249,1599,\colon
3250,1599,\mathcal
3251,1599,\times
3252,1599,\mathcal
3253,1599,\to
3254,1599,\infty
3255,1600,equation
3256,1601,\EE
3257,1601,\int_
3258,1601,\mathcal
3259,1601,\int_
3260,1601,\mathcal
3261,1601,\EE
3262,1601,\delta_x
3263,1604,\rho
3264,1604,\in
3265,1604,\mathcal
3266,1604,\rho
3267,1604,\mathcal
3268,1605,align
3269,1606,\rho
3270,1606,\int_
3271,1606,\calX
3272,1606,\ind
3273,1606,\rho
3274,1606,\delta_x
3275,1606,\int_
3276,1606,\calX
3277,1606,\ind
3278,1606,\rho
3279,1606,\delta_
3280,1606,\rho
3281,1608,\rho
3282,1608,\sum_
3283,1608,\delta_
3284,1608,\le
3285,1608,\infty
3286,1609,align
3287,1610,\rho
3288,1610,\colon
3289,1610,\rho
3290,1610,\delta_x
3291,1610,\in
3292,1610,\sum_
3293,1610,\ind
3294,1610,\rho
3295,1610,\delta_
3296,1612,\eqref
3297,1612,\colon
3298,1612,\mathcal
3299,1612,\times
3300,1612,\mathcal
3301,1612,\to
3302,1612,\infty
3303,1613,align
3304,1614,\EE
3305,1614,\int_
3306,1614,\mathcal
3307,1615,\EE
3308,1615,\int_
3309,1615,\mathcal
3310,1615,\delta_x
3311,1615,\delta_x
3312,1615,\delta_x
3313,1615,\EE
3314,1615,\int_
3315,1615,\mathcal
3316,1615,\delta_x
3317,1616,\EE
3318,1616,\int_
3319,1616,\mathcal
3320,1616,\delta_x
3321,1616,\EE
3322,1616,\int_
3323,1616,\mathcal
3324,1616,\delta_x
3325,1617,\EE
3326,1617,\int_
3327,1617,\mathcal
3328,1621,\eqref
3329,1622,align
3330,1623,\calE
3331,1623,\frac
3332,1623,\Big
3333,1623,\EE
3334,1623,\int_
3335,1623,\mathcal
3336,1623,\delta_x
3337,1623,\delta_x
3338,1624,\qquad
3339,1624,\EE
3340,1624,\int_
3341,1624,\mathcal
3342,1624,\delta_x
3343,1624,\delta_x
3344,1624,\Big
3345,1625,\frac
3346,1625,\EE
3347,1625,\int_
3348,1625,\mathcal
3349,1628,align
3350,1630,\frac
3351,1630,\int_
3352,1630,\mathcal
3353,1631,\frac
3354,1631,\Big
3355,1631,\int_
3356,1631,\mathcal
3357,1631,\delta_x
3358,1631,\delta_x
3359,1632,\qquad
3360,1632,\int_
3361,1632,\mathcal
3362,1632,\delta_x
3363,1632,\delta_x
3364,1632,\Big
3365,1633,\frac
3366,1633,\int_
3367,1633,\mathcal
3368,1633,\frac
3369,1633,\int_
3370,1633,\mathcal
3371,1636,align
3372,1637,\Gamma_
3373,1637,\int_
3374,1637,\mathcal
3375,1638,\int_
3376,1638,\mathcal
3377,1638,\delta_x
3378,1638,\int_
3379,1638,\mathcal
3380,1638,\delta_x
3381,1638,\nonumber
3382,1639,\int_
3383,1639,\mathcal
3384,1639,\int_
3385,1639,\mathcal
3386,1639,\nonumber
3387,1641,\eqref
3388,1641,\eqref
3389,1641,\eqref
3390,1641,\eqref
3391,1641,\eqref
3392,1641,\rho_0
3393,1641,\eqref
3394,1641,\alpha_p
3395,1641,\ge
3396,1643,remark
3397,1644,\cite
3398,1644,\cite
3399,1645,\cite
3400,1645,\Gamma_
3401,1645,\eqref
3402,1648,\eqref
3403,1648,\ref
3404,1648,\ref
3405,1650,proposition
3406,1651,\colon
3407,1651,\mathcal
3408,1651,\to
3409,1651,\RR
3410,1651,\ge
3411,1652,align
3412,1653,\EE
3413,1653,\le
3414,1653,\fs
3415,1653,\sqrt
3416,1653,\sqrt
3417,1654,\fs
3418,1654,\sqrt
3419,1654,\Big
3420,1654,\Big
3421,1654,\int_
3422,1654,\mathcal
3423,1654,\int_
3424,1654,\mathcal
3425,1654,\Big
3426,1654,\Big
3427,1657,align
3428,1658,\EE
3429,1658,\le
3430,1658,\fs
3431,1658,\sqrt
3432,1658,\sqrt
3433,1658,\Gamma_
3434,1659,\fs
3435,1659,\sqrt
3436,1659,\Big
3437,1659,\Big
3438,1659,\int_
3439,1659,\mathcal
3440,1659,\int_
3441,1659,\mathcal
3442,1659,\Big
3443,1659,\Big
3444,1661,\fs
3445,1661,\sqrt
3446,1661,\frac
3447,1661,\sqrt
3448,1661,\sqrt
3449,1664,\cite
3450,1664,\eqref
3451,1664,\ge
3452,1664,\eqref
3453,1664,\cite
3454,1664,\cite
3455,1665,\Gamma_
3456,1665,\Gamma_
3457,1665,\le
3458,1665,\varphi
3459,1665,\varphi
3460,1665,\ref
3461,1665,\Gamma_
3462,1667,\ref
3463,1667,\cite
3464,1669,proposition
3465,1670,\colon
3466,1670,\mathcal
3467,1670,\to
3468,1670,\infty
3469,1671,align
3470,1672,\Gamma_
3471,1672,\le
3472,1672,\alpha
3473,1674,\alpha
3474,1674,\in
3475,1674,\colon
3476,1674,\mathcal
3477,1674,\to
3478,1674,\infty
3479,1674,\ge
3480,1674,\varepsilon
3481,1674,\in
3482,1675,equation
3483,1676,\label
3484,1677,split
3485,1678,\EE
3486,1679,\le
3487,1679,\fs
3488,1679,\sqrt
3489,1679,\EE
3490,1679,\alpha
3491,1679,\alpha
3492,1679,\alpha
3493,1680,\qquad
3494,1680,\fs
3495,1680,\alpha
3496,1680,\alpha
3497,1680,\alpha
3498,1683,\fs
3499,1683,\ref
3500,1686,proof
3501,1687,\EE
3502,1687,\EE
3503,1687,\alpha
3504,1687,\infty
3505,1687,\infty
3506,1688,\alpha
3507,1688,\alpha
3508,1688,\alpha
3509,1688,\le
3510,1689,displaymath
3511,1690,\alpha
3512,1690,\Gamma_
3513,1690,\alpha
3514,1690,\le
3515,1690,\Gamma_
3516,1690,\le
3517,1690,\alpha
3518,1692,\Gamma_
3519,1692,\alpha
3520,1692,\le
3521,1692,\EE
3522,1692,\infty
3523,1692,\ref
3524,1692,\EE
3525,1692,\alpha
3526,1692,\infty
3527,1692,\alpha
3528,1692,\infty
3529,1694,\eqref
3530,1694,\infty
3531,1695,\ref
3532,1695,\eqref
3533,1696,displaymath
3534,1697,\le
3535,1697,\fs
3536,1697,\EE
3537,1697,\alpha
3538,1697,\le
3539,1697,\fs
3540,1697,\EE
3541,1697,\alpha
3542,1697,\EE
3543,1697,\alpha
3544,1697,\alpha
3545,1699,\mapsto
3546,1699,\alpha
3547,1700,align
3548,1701,\le
3549,1701,\fs
3550,1701,\sqrt
3551,1701,\alpha
3552,1701,\alpha
3553,1701,\alpha
3554,1702,\le
3555,1702,\fs
3556,1702,\sqrt
3557,1702,\alpha
3558,1702,\alpha
3559,1702,\alpha
3560,1702,\fs
3561,1702,\sqrt
3562,1702,\EE
3563,1702,\alpha
3564,1702,\alpha
3565,1702,\alpha
3566,1705,displaymath
3567,1706,\le
3568,1706,\fs
3569,1706,\sqrt
3570,1706,\EE
3571,1706,\alpha
3572,1706,\alpha
3573,1706,\alpha
3574,1709,displaymath
3575,1710,\le
3576,1710,\fs
3577,1710,\alpha
3578,1710,\alpha
3579,1710,\alpha
3580,1715,\ref
3581,1717,\subsubsection
3582,1718,\mathcal
3583,1718,\mathcal
3584,1719,align
3585,1720,\sup_
3586,1720,\in
3587,1720,\mathcal
3588,1720,\int_
3589,1720,\mathcal
3590,1722,\in
3591,1722,\mathcal
3592,1722,\mathcal
3593,1722,\subseteq
3594,1722,\mathcal
3595,1724,align
3596,1725,\sup_
3597,1725,\in
3598,1725,\mathcal
3599,1725,\int_
3600,1725,\mathcal
3601,1727,\mathcal
3602,1727,\subseteq
3603,1727,\mathcal
3604,1728,\mathcal
3605,1728,\cap
3606,1728,\mathcal
3607,1728,\cite
3608,1729,\mathcal
3609,1729,\cite
3610,1731,\l
3611,1731,\cite
3612,1731,\o
3613,1731,\ref
3614,1731,\cite
3615,1731,\cite
3616,1733,\mathcal
3617,1733,\ge
3618,1733,\in
3619,1733,\mathcal
3620,1733,\le
3621,1733,\delta_x
3622,1734,displaymath
3623,1735,\Gamma_
3624,1735,\int_
3625,1735,\mathcal
3626,1737,\in
3627,1737,\mathcal
3628,1737,\int_
3629,1737,\mathcal
3630,1737,\in
3631,1737,\supp
3632,1738,displaymath
3633,1739,\le
3634,1739,\int_
3635,1739,\mathcal
3636,1739,\int_
3637,1739,\mathcal
3638,1739,\delta_y
3639,1742,displaymath
3640,1743,\Gamma_
3641,1743,\le
3642,1743,\int_
3643,1743,\mathcal
3644,1743,\le
3645,1746,align
3646,1747,\sup_
3647,1747,\in
3648,1747,\supp
3649,1747,\sup_
3650,1747,\in
3651,1747,\mathcal
3652,1749,\ref
3653,1749,\alpha
3654,1749,\mathcal
3655,1751,corollary
3656,1752,\label
3657,1753,\eqref
3658,1753,\EE
3659,1753,\infty
3660,1753,\ge
3661,1753,\varepsilon
3662,1754,align
3663,1755,\EE
3664,1755,\le
3665,1755,\sqrt
3666,1755,\sqrt
3667,1755,\EE
3668,1755,\sqrt
3669,1756,\le
3670,1756,\varepsilon
3671,1756,\EE
3672,1756,\varepsilon
3673,1760,\eqref
3674,1760,\mathcal
3675,1760,\mathcal
3676,1760,\subseteq
3677,1760,\mathcal
3678,1760,\cap
3679,1760,\mathcal
3680,1762,\in
3681,1762,\mathcal
3682,1762,\int_
3683,1762,\mathcal
3684,1762,\int_
3685,1762,\mathcal
3686,1764,align
3687,1765,\Gamma_
3688,1765,\le
3689,1765,\int_
3690,1765,\mathcal
3691,1765,\int_
3692,1765,\mathcal
3693,1766,\le
3694,1766,\sup_
3695,1766,\in
3696,1766,\mathcal
3697,1766,\int_
3698,1766,\mathcal
3699,1766,\sup_
3700,1766,\in
3701,1766,\mathcal
3702,1766,\int_
3703,1766,\mathcal
3704,1768,\ref
3705,1768,\mapsto
3706,1769,align
3707,1770,\EE
3708,1770,\le
3709,1770,\sqrt
3710,1770,\Big
3711,1770,\Big
3712,1770,\sup_
3713,1770,\in
3714,1770,\mathcal
3715,1770,\int_
3716,1770,\mathcal
3717,1770,\Big
3718,1770,\Big
3719,1770,\sup_
3720,1770,\in
3721,1770,\mathcal
3722,1770,\int_
3723,1770,\mathcal
3724,1770,\Big
3725,1770,\Big
3726,1772,\ref
3727,1772,\mathcal
3728,1772,\colon
3729,1772,\in
3730,1772,\mathcal
3731,1775,corollary
3732,1776,\eqref
3733,1776,\ge
3734,1777,displaymath
3735,1778,\EE
3736,1778,\le
3737,1778,\Big
3738,1778,\sqrt
3739,1778,\Big
3740,1778,\sup_
3741,1778,\in
3742,1778,\rm
3743,1778,\sup_
3744,1778,\in
3745,1778,\mathcal
3746,1778,\Big
3747,1778,\Big
3748,1781,displaymath
3749,1782,\sup_
3750,1782,\in
3751,1782,\mathcal
3752,1782,\int_
3753,1782,\mathcal
3754,1782,\EE
3755,1782,\sup_
3756,1782,\in
3757,1782,\mathcal
3758,1782,\int_
3759,1782,\mathcal
3760,1787,\mathcal
3761,1787,\cite
3762,1791,\subsubsection
3763,1792,\ref
3764,1792,\cite
3765,1792,\colon
3766,1792,\mathcal
3767,1792,\to
3768,1792,\infty
3769,1793,displaymath
3770,1794,\sum_
3771,1794,\ldots
3772,1794,\neq
3773,1794,\ldots
3774,1796,\eqref
3775,1796,\neq
3776,1798,\ge
3777,1799,displaymath
3778,1800,\Gamma_
3779,1800,\int_
3780,1800,\mathcal
3781,1800,\sum_
3782,1800,\Big
3783,1800,\sum_
3784,1800,\ldots
3785,1800,\colon
3786,1800,\neq
3787,1800,\neq
3788,1800,\ldots
3789,1800,\Big
3790,1802,\ref
3791,1804,corollary
3792,1805,\ge
3793,1805,\alpha
3794,1805,\in
3795,1806,align
3796,1807,\sum_
3797,1807,\Bigl
3798,1807,\sum_
3799,1807,\ldots
3800,1807,\colon
3801,1807,\neq
3802,1807,\neq
3803,1807,\ldots
3804,1807,\Bigr
3805,1807,\le
3806,1807,\alpha
3807,1809,\ge
3808,1810,displaymath
3809,1811,\EE
3810,1811,\le
3811,1811,\sqrt
3812,1811,\sqrt
3813,1811,\EE
3814,1811,\alpha
3815,1811,\alpha
3816,1813,\ge
3817,1814,displaymath
3818,1815,\PP
3819,1815,\ge
3820,1815,\EE
3821,1815,\le
3822,1815,\exp
3823,1815,\Big
3824,1815,\min
3825,1815,\Big
3826,1815,\frac
3827,1815,\EE
3828,1815,\alpha
3829,1815,\frac
3830,1815,\alpha
3831,1815,\Big
3832,1815,\Big
3833,1820,\cite
3834,1820,\cite
3835,1820,\cite
3836,1820,\RR
3837,1820,\cite
3838,1823,align
3839,1824,\PP
3840,1824,\ge
3841,1824,\EE
3842,1824,\le
3843,1824,\exp
3844,1824,\Big
3845,1824,\frac
3846,1824,\EE
3847,1824,\alpha
3848,1824,\EE
3849,1824,\alpha
3850,1824,\Big
3851,1825,\PP
3852,1825,\ge
3853,1825,\Med
3854,1825,\le
3855,1825,\exp
3856,1825,\Big
3857,1825,\frac
3858,1825,\Med
3859,1825,\alpha
3860,1825,\Big
3861,1825,\Big
3862,1827,\Med
3863,1827,\ref
3864,1829,\cite
3865,1829,\eqref
3866,1829,\RR
3867,1829,\alpha
3868,1829,\frac
3869,1829,\to
3870,1829,\infty
3871,1831,\ref
3872,1831,\ref
3873,1833,\section
3874,1833,\label
3875,1835,\cite
3876,1835,\cite
3877,1837,\subsection
3878,1838,\mathcal
3879,1838,\mathcal
3880,1838,\colon
3881,1838,\mathcal
3882,1838,\to
3883,1838,\RR
3884,1838,\mathcal
3885,1838,\ldots
3886,1838,\ldots
3887,1838,\ldots
3888,1838,\cdots
3889,1838,\mathbf
3890,1838,\ldots
3891,1838,\ldots
3892,1838,\mathbf
3893,1838,\mathbf
3894,1838,\mathbf
3895,1838,\mathbf
3896,1838,\in
3897,1838,\RR
3898,1838,\otimes
3899,1838,\ldots
3900,1838,\in
3901,1838,\RR
3902,1838,\otimes
3903,1838,\cdots
3904,1838,\otimes
3905,1838,\cdots
3906,1838,\ldots
3907,1838,\in
3908,1838,\RR
3909,1838,\otimes
3910,1840,\RR
3911,1840,\otimes
3912,1841,displaymath
3913,1842,\langle
3914,1842,\rangle
3915,1842,\sum_
3916,1842,\ldots
3917,1842,\ldots
3918,1842,\ldots
3919,1845,\cite
3920,1845,\cite
3921,1846,\abs
3922,1846,\cdot
3923,1846,\RR
3924,1848,proposition
3925,1849,\ge
3926,1849,\in
3927,1849,\mathcal
3928,1850,displaymath
3929,1851,\EE
3930,1851,\le
3931,1851,\Big
3932,1851,\mathbf
3933,1851,\Big
3934,1853,\colon
3935,1853,\mathcal
3936,1853,\to
3937,1853,\RR
3938,1853,\ldots
3939,1853,\ldots
3940,1853,\le
3941,1853,\in
3942,1854,align
3943,1855,\EE
3944,1855,\le
3945,1855,\frac
3946,1855,\langle
3947,1855,\mathbf
3948,1855,\otimes
3949,1855,\cdots
3950,1855,\otimes
3951,1855,\rangle
3952,1856,\sum_
3953,1856,\frac
3954,1856,\langle
3955,1856,\EE_X
3956,1856,\mathbf
3957,1856,\otimes
3958,1856,\cdots
3959,1856,\otimes
3960,1856,\rangle
3961,1858,\ldots
3962,1858,\RR
3963,1862,\mathbf
3964,1862,\ref
3965,1862,\l
3966,1862,\cite
3967,1864,\ii
3968,1864,\ldots
3969,1864,\in
3970,1864,\subseteq
3971,1864,\ii_
3972,1864,\in
3973,1864,\ii
3974,1864,\max_
3975,1864,\le
3976,1864,\ii_I
3977,1864,\max_
3978,1864,\in
3979,1864,\mathcal
3980,1864,\ldots
3981,1864,\in
3982,1864,\ii
3983,1864,\ii
3984,1864,\in
3985,1867,align
3986,1868,\mathcal
3987,1868,\sup
3988,1868,\Big
3989,1868,\sum_
3990,1868,\ii
3991,1868,\in
3992,1868,\ii
3993,1868,\prod_
3994,1868,\ii_
3995,1868,\colon
3996,1869,\ii_
3997,1869,\leq
3998,1869,\leq
3999,1869,\leq
4000,1869,\Big
4001,1872,\ii_
4002,1872,\sqrt
4003,1872,\sum_
4004,1872,\ii_
4005,1872,\le
4006,1872,\ii_
4007,1873,align
4008,1874,\le
4009,1874,\sup
4010,1874,\Big
4011,1874,\sum_
4012,1874,\le
4013,1874,\colon
4014,1874,\sum_
4015,1874,\le
4016,1874,\le
4017,1874,\Big
4018,1874,\sqrt
4019,1874,\sum_
4020,1874,\le
4021,1874,\le
4022,1874,\HS
4023,1875,\le
4024,1875,\sup
4025,1875,\Big
4026,1875,\sum_
4027,1875,\le
4028,1875,\colon
4029,1875,\sum_
4030,1875,\le
4031,1875,\le
4032,1875,\sum_
4033,1875,\le
4034,1875,\le
4035,1875,\Big
4036,1876,\MoveEqLeft
4037,1876,\le
4038,1876,\ell_2
4039,1876,\to
4040,1876,\ell_2
4041,1877,\le
4042,1877,\sup
4043,1877,\Big
4044,1877,\sum_
4045,1877,\le
4046,1877,\colon
4047,1877,\sum_
4048,1877,\le
4049,1877,\le
4050,1877,\sum_
4051,1877,\le
4052,1877,\le
4053,1877,\Big
4054,1879,\cdot
4055,1879,\cdot
4056,1881,\cdot
4057,1881,\cdot
4058,1881,\mathcal
4059,1881,\in
4060,1881,\mathcal
4061,1881,\le
4062,1881,\sqrt
4063,1881,\sum_
4064,1881,\ii
4065,1881,\le
4066,1881,\ii
4067,1883,\mathcal
4068,1885,theorem
4069,1886,displaymath
4070,1887,\frac
4071,1887,\sum_
4072,1887,\mathcal
4073,1887,\in
4074,1887,\mathcal
4075,1887,\mathcal
4076,1887,\le
4077,1887,\langle
4078,1887,\otimes
4079,1887,\cdots
4080,1887,\otimes
4081,1887,\rangle
4082,1887,\le
4083,1887,\sum_
4084,1887,\mathcal
4085,1887,\in
4086,1887,\mathcal
4087,1887,\mathcal
4088,1891,\ref
4089,1893,corollary
4090,1894,\in
4091,1894,\mathcal
4092,1894,\ge
4093,1895,align
4094,1896,\EE
4095,1896,\le
4096,1896,\Big
4097,1896,\mathbf
4098,1896,\Big
4099,1898,\ge
4100,1898,\ge
4101,1898,\mathbf
4102,1898,\in
4103,1900,align
4104,1901,\EE
4105,1901,\le
4106,1901,\Big
4107,1901,\sum_
4108,1901,\mathcal
4109,1901,\in
4110,1901,\frac
4111,1901,\frac
4112,1901,\mathcal
4113,1901,\Big
4114,1901,\mathbf
4115,1901,\mathcal
4116,1901,\Big
4117,1902,\qquad
4118,1902,\sum_
4119,1902,\sum_
4120,1902,\mathcal
4121,1902,\in
4122,1903,\frac
4123,1903,\frac
4124,1903,\mathcal
4125,1903,\EE
4126,1903,\mathbf
4127,1903,\mathcal
4128,1903,\Big
4129,1905,\mathbf
4130,1905,\mathcal
4131,1907,displaymath
4132,1908,\PP
4133,1908,\EE
4134,1908,\ge
4135,1908,\le
4136,1908,\exp
4137,1908,\Big
4138,1908,\frac
4139,1908,\eta_f
4140,1908,\Big
4141,1911,displaymath
4142,1912,\eta_f
4143,1912,\min
4144,1915,align
4145,1916,\min_
4146,1916,\mathcal
4147,1916,\in
4148,1916,\Big
4149,1916,\frac
4150,1916,\sup_
4151,1916,\in
4152,1916,\mathcal
4153,1916,\mathbf
4154,1916,\mathcal
4155,1916,\Big
4156,1916,\frac
4157,1916,\mathcal
4158,1917,\min_
4159,1917,\le
4160,1917,\le
4161,1917,\min_
4162,1917,\mathcal
4163,1917,\in
4164,1917,\Big
4165,1917,\frac
4166,1917,\EE
4167,1917,\mathbf
4168,1917,\mathcal
4169,1917,\Big
4170,1917,\frac
4171,1917,\mathcal
4172,1921,proof
4173,1922,\ref
4174,1922,\ref
4175,1924,\ref
4176,1925,align
4177,1926,\PP
4178,1926,\EE
4179,1926,\ge
4180,1927,\le
4181,1927,\exp
4182,1927,\Big
4183,1927,\min
4184,1927,\Big
4185,1927,\frac
4186,1927,\sup_
4187,1927,\in
4188,1927,\mathcal
4189,1927,\mathbf
4190,1927,\HS
4191,1927,\EE
4192,1927,\mathbf
4193,1927,\frac
4194,1927,\sup_
4195,1927,\in
4196,1927,\mathcal
4197,1927,\mathbf
4198,1927,\ell_2
4199,1927,\to
4200,1927,\ell_2
4201,1927,\Big
4202,1927,\Big
4203,1929,\cite
4204,1931,\mathcal
4205,1931,\RR
4206,1931,\ref
4207,1931,\cite
4208,1931,\cite
4209,1931,\cite
4210,1931,\eqref
4211,1933,\subsection
4212,1934,\ldots
4213,1934,\calX
4214,1934,\in
4215,1934,\in
4216,1934,\calX
4217,1934,\ldots
4218,1937,\calX
4219,1937,\colon
4220,1937,\le
4221,1937,\colon
4222,1937,\calX
4223,1937,\times
4224,1937,\to
4225,1937,\infty
4226,1938,align
4227,1941,\in
4228,1941,\calX
4229,1941,\in
4230,1944,displaymath
4231,1945,\sum_
4232,1945,\in
4233,1948,displaymath
4234,1949,\calE
4235,1949,\frac
4236,1949,\sum_
4237,1949,\in
4238,1949,\calX
4239,1949,\sum_
4240,1949,\in
4241,1949,\EE
4242,1952,align
4243,1953,\frac
4244,1953,\sum_
4245,1953,\in
4246,1954,\frac
4247,1954,\int_
4248,1954,\calX
4249,1957,displaymath
4250,1958,\sum_
4251,1958,\in
4252,1958,\colon
4253,1961,\calE
4254,1961,\alpha_p
4255,1961,\ge
4256,1961,\in
4257,1961,\ref
4258,1961,\colon
4259,1961,\calX
4260,1961,\to
4261,1961,\RR
4262,1961,\ge
4263,1962,align
4264,1963,\le
4265,1963,\frac
4266,1963,\Big
4267,1963,\Big
4268,1963,\sum_
4269,1963,\in
4270,1963,\Big
4271,1963,\Big
4272,1965,\sqrt
4273,1967,\ref
4274,1967,\sqrt
4275,1967,\in
4276,1968,align
4277,1969,\sqrt
4278,1970,\bigl
4279,1970,\sqrt
4280,1970,\sqrt
4281,1970,\bigr
4282,1970,\sqrt
4283,1971,\sqrt
4284,1971,\sqrt
4285,1971,\sqrt
4286,1973,\ref
4287,1974,displaymath
4288,1975,\mathbf
4289,1975,\ge
4290,1975,\mathbf
4291,1975,\mathbf
4292,1977,\ref
4293,1979,\mathcal
4294,1979,\colon
4295,1979,\in
4296,1979,\mathcal
4297,1979,\exists_
4298,1979,\le
4299,1979,\textrm
4300,1979,\colon
4301,1979,\to
4302,1979,\mathcal
4303,1979,\in
4304,1979,\in
4305,1980,displaymath
4306,1981,\bigl
4307,1981,\bigr
4308,1981,\sqrt
4309,1981,\max
4310,1983,\eqref
4311,1984,displaymath
4312,1985,\EE
4313,1985,\le
4314,1985,\frac
4315,1985,\Big
4316,1985,\mathbf
4317,1985,\Big
4318,1987,\ast
4319,1987,\sup_
4320,1987,\in
4321,1987,\mathcal
4322,1987,\max_
4323,1987,\in
4324,1987,\infty
4325,1988,displaymath
4326,1989,\widetilde
4327,1991,\sqrt
4328,1991,\ast
4329,1991,\ref
4330,1993,\mathcal
4331,1993,\mathcal
4332,1993,\max
4333,1993,\min
4334,1993,\max
4335,1993,\min
4336,1993,\widetilde
4337,1993,\cite
4338,1993,\l
4339,1993,\ref
4340,1993,\ref
4341,1995,\ref
4342,1995,\ref
4343,1995,\binom
4344,1995,\ref
4345,1997,displaymath
4346,1998,\tau_
4347,1998,\frac
4348,1998,\Big
4349,1998,\max
4350,1998,\circ
4351,1998,\tau_
4352,1998,\min
4353,1998,\circ
4354,1998,\tau_
4355,1998,\Big
4356,2000,\ref
4357,2000,\mathbb
4358,2000,\times
4359,2001,\mathbb
4360,2001,\mathbb
4361,2002,\mathbb
4362,2002,\cite
4363,2004,\subsection
4364,2006,\ref
4365,2006,\eqref
4366,2006,\ref
4367,2006,\cite
4368,2006,\cite
4369,2006,\ref
4370,2006,\colon
4371,2006,\RR
4372,2006,\to
4373,2006,\RR
4374,2007,displaymath
4375,2008,\ldots
4376,2008,\sum_
4377,2008,\sum_
4378,2008,\subseteq
4379,2008,\prod_
4380,2008,\in
4381,2011,\ldots
4382,2011,\eqref
4383,2011,\rho_0
4384,2011,\ref
4385,2011,\mathcal
4386,2011,\in
4387,2011,\mathcal
4388,2011,\le
4389,2012,displaymath
4390,2013,\le
4391,2013,\Big
4392,2013,\frac
4393,2013,\partial
4394,2013,\partial
4395,2013,\Big
4396,2015,\ref
4397,2015,\ref
4398,2015,\mathbf
4399,2015,\nabla
4400,2015,\rho_0
4401,2016,\nabla
4402,2018,corollary
4403,2019,align
4404,2020,\PP
4405,2020,\Big
4406,2020,\Big
4407,2020,\EE
4408,2020,\Big
4409,2020,\ge
4410,2020,\Big
4411,2020,\le
4412,2020,\exp
4413,2020,\Big
4414,2020,\frac
4415,2020,\min_
4416,2020,\le
4417,2020,\le
4418,2020,\min_
4419,2020,\mathcal
4420,2020,\in
4421,2020,\Big
4422,2020,\frac
4423,2020,\rho_0
4424,2020,\EE
4425,2020,\nabla
4426,2020,\mathcal
4427,2020,\Big
4428,2020,\mathcal
4429,2020,\Big
4430,2024,\ref
4431,2026,\in
4432,2026,\ind
4433,2026,\in
4434,2026,\frac
4435,2026,\sum_
4436,2026,\in
4437,2026,\neq
4438,2026,\H
4439,2026,\cite
4440,2026,\ref
4441,2028,\colon
4442,2028,\to
4443,2028,\colon
4444,2028,\in
4445,2028,\ge
4446,2028,\EE
4447,2028,\EE
4448,2028,\emph
4449,2028,\le
4450,2028,\le
4451,2028,\eqref
4452,2028,\mathcal
4453,2028,\ref
4454,2030,\H
4455,2030,\cite
4456,2030,\eqref
4457,2030,\rho_0
4458,2031,\ge
4459,2031,\sqrt
4460,2031,\log
4461,2032,\cite
4462,2032,\cite
4463,2032,\eqref
4464,2032,\ref
4465,2032,\rho_1
4466,2032,\eqref
4467,2032,\rho_1
4468,2032,\rho_0
4469,2032,\cite
4470,2033,multline
4471,2034,\PP
4472,2034,\EE
4473,2034,\ge
4474,2035,\le
4475,2035,\exp
4476,2035,\Big
4477,2035,\frac
4478,2035,\min
4479,2035,\Big
4480,2035,\frac
4481,2035,\rho_0
4482,2035,\rho_0
4483,2035,\rho_0
4484,2035,\frac
4485,2035,\sqrt
4486,2035,\rho_0
4487,2035,\rho_0
4488,2035,\frac
4489,2035,\rho_0
4490,2035,\Big
4491,2035,\Big
4492,2037,\ge
4493,2039,\appendix
4494,2040,\section
4495,2040,\label
4496,2041,\ref
4497,2043,proof
4498,2044,\in
4499,2044,\calE
4500,2045,\min
4501,2046,\mapsto
4502,2046,\min
4503,2046,\in
4504,2046,\calE
4505,2047,\varphi
4506,2049,\varphi
4507,2049,\varphi
4508,2049,\le
4509,2049,\varphi
4510,2049,\varphi
4511,2051,\ref
4512,2053,\sup_
4513,2053,\calE
4514,2053,\log
4515,2053,\le
4516,2053,\calE
4517,2053,\log
4518,2054,\quad
4519,2054,\text
4520,2054,\quad
4521,2055,\sup_
4522,2055,\calE
4523,2055,\le
4524,2055,\calE
4525,2057,\to
4526,2057,\infty
4527,2057,\infty
4528,2058,\sup_t
4529,2058,\infty
4530,2058,\sup_t
4531,2058,\le
4532,2058,\calE
4533,2059,\calE
4534,2060,\eqref
4535,2060,\frac
4536,2060,\alpha_p
4537,2060,\alpha_p
4538,2060,\ge
4539,2060,\leq
4540,2061,\cite
4541,2063,\Big
4542,2063,\frac
4543,2063,\Big
4544,2064,\ge
4545,2065,\Big
4546,2065,\frac
4547,2065,\Big
4548,2066,\ge
4549,2067,\Bigl
4550,2067,\frac
4551,2067,\frac
4552,2067,\Bigr
4553,2067,\frac
4554,2068,\ge
4555,2069,\frac
4556,2069,\Bigl
4557,2069,\frac
4558,2069,\alpha_p
4559,2069,\alpha_p
4560,2069,\Bigr
4561,2069,\frac
4562,2071,\frac
4563,2071,\sup_
4564,2074,proof
4565,2075,\ge
4566,2076,\inf
4567,2076,\sup
4568,2076,\ref
4569,2076,\log
4570,2076,\in
4571,2076,\Dom
4572,2076,\calE
4573,2077,\varepsilon
4574,2077,\frac
4575,2077,\varepsilon
4576,2077,\varepsilon
4577,2077,\log
4578,2077,\le
4579,2077,\varepsilon
4580,2078,\varepsilon
4581,2078,\in
4582,2078,\Dom
4583,2078,\calE
4584,2078,\Dom
4585,2078,\calE
4586,2078,\calE
4587,2079,equation
4588,2080,\frac
4589,2080,\varepsilon
4590,2080,\varepsilon
4591,2080,\calE
4592,2080,\log
4593,2080,\calE
4594,2080,\varepsilon
4595,2085,\abs
4596,2085,\varepsilon
4597,2085,\varepsilon
4598,2086,\le
4599,2087,\abs
4600,2087,\varepsilon
4601,2087,\cdot
4602,2087,\abs
4603,2089,\in
4604,2089,\inf
4605,2089,\sup
4606,2090,\ref
4607,2090,\abs
4608,2090,\calE
4609,2090,\varepsilon
4610,2090,\le
4611,2090,\abs
4612,2090,\varepsilon
4613,2090,\cdot
4614,2090,\calE
4615,2090,\to
4616,2090,\varepsilon
4617,2090,\to
4618,2092,\varepsilon
4619,2092,\varepsilon
4620,2094,\varepsilon
4621,2094,\frac
4622,2094,\varepsilon
4623,2094,\int_0
4624,2094,\varepsilon
4625,2094,\varepsilon
4626,2094,\log
4627,2098,\varepsilon
4628,2098,\varepsilon
4629,2099,\frac
4630,2099,\varepsilon
4631,2099,\int_0
4632,2099,\varepsilon
4633,2099,\varepsilon
4634,2101,\log
4635,2101,\ge
4636,2101,\ge
4637,2102,\varepsilon
4638,2102,\le
4639,2103,\sup_
4640,2103,\frac
4641,2103,\abs
4642,2103,\infty
4643,2111,\section
4644,2112,\label
4645,2114,\ref
4646,2114,\ref
4647,2114,\cite
4648,2114,\ref
4649,2116,\eqref
4650,2116,\eqref
4651,2117,proposition
4652,2118,\label
4653,2119,\eqref
4654,2119,\rho_1
4655,2119,\eqref
4656,2119,\rho_0
4657,2119,\ge
4658,2119,\rho_1
4659,2122,proof
4660,2123,\cite
4661,2124,align
4662,2125,\bigl
4663,2125,\sqrt
4664,2125,\sqrt
4665,2125,\bigr
4666,2125,\leq
4667,2125,\log
4668,2125,\log
4669,2125,\quad
4670,2128,\eqref
4671,2128,\in
4672,2128,\Dom
4673,2128,\calE
4674,2128,\log
4675,2128,\in
4676,2128,\Dom
4677,2128,\calE
4678,2128,\varepsilon
4679,2128,\max
4680,2128,\varepsilon
4681,2128,\ref
4682,2128,\mapsto
4683,2128,\max
4684,2128,\varepsilon
4685,2128,\log
4686,2128,\calE
4687,2128,\varepsilon
4688,2128,\log
4689,2129,\varepsilon
4690,2129,\le
4691,2129,\calE
4692,2129,\log
4693,2129,\Ent_
4694,2129,\lim_
4695,2129,\varepsilon
4696,2129,\to
4697,2129,\Ent_
4698,2129,\varepsilon
4699,2129,\ref
4700,2129,\sqrt
4701,2129,\in
4702,2129,\Dom
4703,2129,\calE
4704,2129,\rho_1
4705,2129,\Ent_
4706,2129,\le
4707,2129,\calE
4708,2129,\sqrt
4709,2129,\sqrt
4710,2129,\le
4711,2129,\frac
4712,2129,\calE
4713,2129,\log
4714,2129,\eqref
4715,2129,\ref
4716,2132,\eqref
4717,2132,\eqref
4718,2134,proposition
4719,2135,\eqref
4720,2135,\in
4721,2135,\beta_q
4722,2135,\eqref
4723,2135,\rho_1
4724,2135,\geq
4725,2135,\frac
4726,2135,\limsup_
4727,2135,\to
4728,2135,\beta_q
4729,2135,\eqref
4730,2135,\eqref
4731,2135,\in
4732,2135,\beta_q
4733,2135,\ge
4734,2135,\rho_1
4735,2138,proof
4736,2140,\frac
4737,2140,\longrightarrow
4738,2140,\frac
4739,2140,\Ent_
4740,2141,\quad
4741,2141,\text
4742,2141,\quad
4743,2141,\to
4744,2143,\limsup_
4745,2143,\to
4746,2143,\beta_q
4747,2143,\Ent_
4748,2143,\le
4749,2143,\calE
4750,2143,\le
4751,2143,\calE
4752,2143,\ref
4753,2145,\cite
4754,2145,\in
4755,2145,\calX
4756,2148,\ni
4757,2148,\longmapsto
4758,2148,\frac
4759,2151,\in
4760,2151,\Dom
4761,2151,\calE
4762,2151,\eqref
4763,2154,proposition
4764,2155,\eqref
4765,2155,\in
4766,2155,\alpha_p
4767,2155,\eqref
4768,2155,\rho_0
4769,2155,\geq
4770,2155,\limsup_
4771,2155,\to
4772,2155,\alpha_p
4773,2158,proof
4774,2159,\log
4775,2159,\in
4776,2159,\Dom
4777,2159,\calE
4778,2159,\in
4779,2159,\Dom
4780,2159,\calE
4781,2159,\ge
4782,2159,\mapsto
4783,2159,\eqref
4784,2159,\ref
4785,2159,\eqref
4786,2159,\rho_0
4787,2159,\ge
4788,2159,\limsup_
4789,2159,\to
4790,2159,\alpha_p
4791,2161,\ref
4792,2161,\ref
4793,2161,\min
4794,2161,\ref
4795,2161,\calE
4796,2162,\log
4797,2162,\le
4798,2162,\calE
4799,2162,\log
4800,2162,\infty
4801,2162,\sup_
4802,2162,\infty
4803,2162,\to
4804,2162,\infty
4805,2162,\eqref
4806,2162,\varphi
4807,2162,\colon
4808,2162,\infty
4809,2162,\to
4810,2162,\infty
4811,2162,\varphi
4812,2162,\varphi
4813,2162,\log
4814,2162,\log
4815,2162,\Ent_
4816,2162,\log
4817,2162,\sup_
4818,2162,\varphi
4819,2162,\infty
4820,2162,\lim_
4821,2162,\to
4822,2162,\sup_
4823,2162,\varphi
4824,2162,\varphi
4825,2162,\varphi
4826,2162,\ast
4827,2162,\varphi
4828,2162,\varphi
4829,2162,\ast
4830,2162,\sup_
4831,2162,\ge
4832,2162,\varphi
4833,2163,align
4834,2164,\le
4835,2164,\ind
4836,2164,\le
4837,2164,\varphi
4838,2164,\varphi
4839,2164,\ast
4840,2164,\ge
4841,2167,displaymath
4842,2168,\ge
4843,2168,\ge
4844,2168,\ge
4845,2168,\ge
4846,2168,\ge
4847,2168,\frac
4848,2168,\varphi
4849,2168,\ast
4850,2170,\sup_
4851,2177,\eqref
4852,2177,\eqref
4853,2179,proposition
4854,2180,\in
4855,2180,\in
4856,2181,\eqref
4857,2181,\beta_q
4858,2181,\eqref
4859,2181,\alpha_p
4860,2181,\ge
4861,2181,\beta_q
4862,2181,\eqref
4863,2181,\alpha_p
4864,2181,\eqref
4865,2182,\beta_q
4866,2182,\ge
4867,2182,\alpha_p
4868,2185,proof
4869,2186,\eqref
4870,2186,\ref
4871,2186,\eqref
4872,2186,\in
4873,2186,\Dom
4874,2186,\calE
4875,2187,\ge
4876,2187,\in
4877,2187,\Dom
4878,2187,\calE
4879,2188,align
4880,2189,\beta_q
4881,2189,\beta_q
4882,2189,\le
4883,2189,\calE
4884,2189,\frac
4885,2189,\calE
4886,2191,\ref
4887,2191,\calE
4888,2191,\le
4889,2191,\frac
4890,2191,\calE
4891,2191,\eqref
4892,2193,\ref
4893,2193,\in
4894,2193,\Dom
4895,2193,\calE
4896,2196,\eqref
4897,2196,\eqref
4898,2198,proposition
4899,2199,\label
4900,2200,\eqref
4901,2200,\rho_0
4902,2200,\eqref
4903,2200,\ge
4904,2200,\rho_0
4905,2203,proof
4906,2204,\in
4907,2204,\Dom
4908,2204,\calE
4909,2204,\infty
4910,2204,\varepsilon
4911,2204,\varepsilon
4912,2205,displaymath
4913,2206,\Ent_
4914,2206,\varepsilon
4915,2206,\frac
4916,2206,\varepsilon
4917,2206,\Var_
4918,2206,\varepsilon
4919,2209,displaymath
4920,2210,\le
4921,2210,\varepsilon
4922,2212,\in
4923,2212,\varepsilon
4924,2212,\varepsilon
4925,2212,\ref
4926,2213,displaymath
4927,2214,\calE
4928,2214,\varepsilon
4929,2214,\log
4930,2214,\varepsilon
4931,2214,\le
4932,2214,\varepsilon
4933,2214,\varepsilon
4934,2214,\calE
4935,2216,\eqref
4936,2216,\eqref
4937,2216,\varepsilon
4938,2216,\varepsilon
4939,2216,\to
4940,2217,\Dom
4941,2217,\calE
4942,2217,\eqref
4943,2217,\ref
4944,2217,\ref
4945,2217,\in
4946,2217,\Dom
4947,2217,\calE
4948,2217,\max
4949,2217,\min
4950,2217,\eqref
4951,2217,\to
4952,2217,\infty
4953,2217,\ref
4954,2217,\calE
4955,2217,\le
4956,2217,\calE
4957,2220,proposition
4958,2221,\label
4959,2222,\in
4960,2222,\eqref
4961,2222,\alpha_p
4962,2222,\eqref
4963,2222,\ge
4964,2222,\alpha_p
4965,2225,proof
4966,2226,\ref
4967,2226,\eqref
4968,2226,\in
4969,2226,\Dom
4970,2226,\calE
4971,2227,\varepsilon
4972,2227,\varepsilon
4973,2227,\in
4974,2227,\Dom
4975,2227,\calE
4976,2228,displaymath
4977,2229,\alpha_p
4978,2229,\Big
4979,2229,\varepsilon
4980,2229,\varepsilon
4981,2229,\Big
4982,2229,\le
4983,2229,\frac
4984,2229,\calE
4985,2229,\varepsilon
4986,2229,\varepsilon
4987,2229,\frac
4988,2229,\varepsilon
4989,2229,\calE
4990,2229,\varepsilon
4991,2231,\varepsilon
4992,2231,\to
4993,2232,align
4994,2233,\varepsilon
4995,2233,\varepsilon
4996,2233,\frac
4997,2233,\varepsilon
4998,2233,\Var_
4999,2233,\varepsilon
5000,2236,displaymath
5001,2237,\varepsilon
5002,2237,\calE
5003,2237,\varepsilon
5004,2237,\varepsilon
5005,2237,\calE
5006,2237,\varepsilon
5007,2237,\calE
5008,2237,\varepsilon
5009,2237,\varepsilon
5010,2240,displaymath
5011,2241,\calE
5012,2241,\varepsilon
5013,2241,\varepsilon
5014,2241,\varepsilon
5015,2243,\varepsilon
5016,2243,\to
5017,2243,\infty
5018,2243,\in
5019,2244,displaymath
5020,2245,\varepsilon
5021,2245,\varepsilon
5022,2245,\le
5023,2245,\varepsilon
5024,2245,\varepsilon
5025,2247,\varepsilon
5026,2247,\sup_
5027,2247,\in
5028,2247,\varepsilon
5029,2247,\varepsilon
5030,2247,\ref
5031,2248,\calE
5032,2248,\varepsilon
5033,2248,\varepsilon
5034,2248,\le
5035,2248,\varepsilon
5036,2248,\varepsilon
5037,2248,\calE
5038,2248,\lim_
5039,2248,\varepsilon
5040,2248,\to
5041,2248,\varepsilon
5042,2252,\section
5043,2255,\cite
5044,2256,\calX
5045,2256,\calB
5046,2258,\colon
5047,2258,\infty
5048,2258,\times
5049,2258,\calX
5050,2258,\times
5051,2258,\calB
5052,2258,\to
5053,2258,\ge
5054,2258,\calX
5055,2259,displaymath
5056,2260,\int_
5057,2260,\calX
5058,2264,\in
5059,2264,\calX
5060,2265,displaymath
5061,2266,\mapsto
5062,2266,\frac
5063,2266,\int_
5064,2266,\calX
5065,2266,\int_
5066,2266,\calX
5067,2269,displaymath
5068,2270,\Dom
5069,2270,\calE
5070,2270,\Big
5071,2270,\in
5072,2270,\calX
5073,2270,\colon
5074,2270,\sup_
5075,2270,\ge
5076,2270,\frac
5077,2270,\int_
5078,2270,\calX
5079,2270,\int_
5080,2270,\calX
5081,2270,\infty
5082,2270,\Big
5083,2272,\in
5084,2272,\calE
5085,2273,displaymath
5086,2274,\calE
5087,2274,\lim_
5088,2274,\to
5089,2274,\frac
5090,2274,\int_
5091,2274,\calX
5092,2274,\int_
5093,2274,\calX
5094,2278,\in
5095,2278,\Dom
5096,2278,\calE
5097,2279,displaymath
5098,2280,\calE
5099,2280,\lim_
5100,2280,\to
5101,2280,\frac
5102,2280,\int_
5103,2280,\calX
5104,2280,\int_
5105,2280,\calX
5106,2282,\ref
5107,2284,\ref
5108,2284,\ge
5109,2285,displaymath
5110,2286,\lim_
5111,2286,\to
5112,2286,\frac
5113,2288,\in
5114,2288,\Dom
5115,2289,displaymath
5116,2290,\calE
5117,2290,\int_
5118,2290,\calX
5119,2292,\in
5120,2292,\Dom
5121,2292,\eqref
5122,2292,\eqref
5123,2292,\ge
5124,2293,\calA_0
5125,2293,\subseteq
5126,2293,\Dom
5127,2293,\calA
5128,2293,\cite
5129,2293,\calA_0
5130,2293,\calA
5131,2293,\calA
5132,2293,\calA
5133,2293,\subseteq
5134,2293,\Dom
5135,2293,\cite
5136,2293,\RR
5137,2295,\ref
5138,2295,\calA
5139,2295,\subseteq
5140,2295,\Dom
5141,2297,proposition
5142,2298,align
5143,2299,\calE
5144,2299,\varphi
5145,2299,\le
5146,2299,\int_
5147,2299,\calX
5148,2299,\varphi
5149,2299,\le
5150,2299,\Big
5151,2299,\varphi
5152,2299,\Big
5153,2299,\Big
5154,2299,\Big
5155,2303,proof
5156,2304,\in
5157,2304,\Dom
5158,2305,multline
5159,2306,\frac
5160,2306,\int_
5161,2306,\calX
5162,2307,\frac
5163,2307,\int_
5164,2307,\calX
5165,2307,\frac
5166,2307,\int_
5167,2307,\calX
5168,2307,\stackrel
5169,2307,\to
5170,2307,\to
5171,2311,\ref
5172,2311,\varphi
5173,2311,\in
5174,2311,\Dom
5175,2311,\calE
5176,2312,align
5177,2313,\calE
5178,2313,\varphi
5179,2314,\lim_
5180,2314,\to
5181,2314,\frac
5182,2314,\int_
5183,2314,\calX
5184,2314,\int_
5185,2314,\calX
5186,2314,\varphi
5187,2314,\varphi
5188,2315,\lim_
5189,2315,\to
5190,2315,\frac
5191,2315,\int_
5192,2315,\calX
5193,2315,\int_
5194,2315,\calX
5195,2315,\varphi
5196,2315,\varphi
5197,2316,\le
5198,2316,\liminf_
5199,2316,\to
5200,2316,\int_
5201,2316,\calX
5202,2316,\varphi
5203,2316,\frac
5204,2316,\int_
5205,2316,\calX
5206,2317,\le
5207,2317,\liminf_
5208,2317,\to
5209,2317,\int_
5210,2317,\calX
5211,2317,\varphi
5212,2317,\frac
5213,2317,\int_
5214,2317,\calX
5215,2318,\int_
5216,2318,\calX
5217,2318,\varphi
5218,2320,\varphi
5219,2320,\varphi
5220,2320,\eqref
5221,2325,\ref
5222,2325,\calA
5223,2325,\subseteq
5224,2325,\Dom
5225,2325,\cite
5226,2325,\psi_n
5227,2325,\colon
5228,2325,\RR
5229,2325,\to
5230,2325,\RR
5231,2325,\psi_n
5232,2326,\psi_n
5233,2326,\to
5234,2326,\le
5235,2327,\in
5236,2327,\Dom
5237,2327,\eqref
5238,2327,\psi_n
5239,2328,displaymath
5240,2329,\psi_n
5241,2329,\le
5242,2330,\quad
5243,2331,\text
5244,2334,\ref
5245,2336,proposition
5246,2337,\calA
5247,2337,\subseteq
5248,2337,\Dom
5249,2337,\ref
5250,2340,\ref
5251,2340,\cite
5252,2343,\bibliographystyle
5253,2344,\bibliography
